-- ===============================================================================
-------- Université Sorbonne Paris Cité, Université Paris 13 , Institut Galiée
-------- Master 2, Informatique, Exploration Informatique des Données et Décisionnel
-------- M2 EID2

-- ===============================================================================
-------- La Data ; The Data
-------- La Donnée est le monde du futur ; Les données et le monde de l'avenir
-------- The Data is the world of the future ;  The Data and the future's world

-------- DATA -->>> Big Data, Dark Data, Open Data, ... 
-- ===============================================================================
-------- Bases de Données Avancées = Advanced Databases (BDA)
-------- Entrepôts de Données = Data Warehouses (DWH, EDON)

-------- Directeur :  Dr. M. Faouzi Boufarès
-------- Enseignant-Chercheur Responsable      

-------- Page Web : http://www.lipn.univ-paris13.fr/~boufares

-------- http://www.lipn.univ-paris13.fr/~boufares/Master2EID2/*.sql

-- ===============================================================================
-- ===============================================================================
--   Projet  BDM : Big Data Management - Gestion des Données Massives
--
--   Data Manipulation (DI) - Manipulation de Données
--   Data Integration (DI) - Intégration de Données
--   Données structurées ; Données Semi-structurées ; Données NON structurées
--   Structured data; Semi-structured data; NON-structured data

--   Master Data Management (MDM) - Gestion des Données de Référence
--   Data Quality Managment (DQM) - Gestion de la qualité des données
--   Data Cleaning - Nettayage des données
--   Data deduplication - Elimination des doubles et des similaires

--   More semantics to better correct the data 
--   Plus de sémantique afin de mieux corriger les données
-- ===============================================================================
-- ===============================================================================
--
--------=============  BIG DATA, DATA BASE, DATA WAREHOUSE =============----------
--
-- Big Data & Clound Computing : Think DIFFERENTLY, BIGGER and SMARTER !
-- The Excellence in Data Use !
-- EID : L'Excellence dans l'Investigation des Données
-- EID : Excellence in Data Investigation
--
-- =============================================================================== 
-- Think DIFFERENTLY, BIGGER and SMARTER ! The Excellence in Data Use !
-- MISSION IMPOSSIBLE OU POSSIBLE ????? !!!!!!!!!!!
-- Votre mission, si vous l’acceptez, est : The Excellence in Data Use !
-- Si vous échouez, nous nierons avoir eu connaissance de vos agissements !

-- ===============================================================================
-- Les dictons du jour !
--
-- Aujourd'hui, j'arrête de fumer
-- Le TABAC t'ABAT
-- Fumer nuit grâvement à ta santé et à celle de ton entourage
--
-- M   T   Dents
-- SMILE and the World SMILES with you !
--
-- MANGER + MANGER = GROSSIR (??? M, A, N, G, E, R, O, S, S, I)
--
-- Manger & Bouger, 
-- Pour votre santé mangez 5 fruits et légumes par jour
-- Pour votre santé ne mangez pas trop gras, trop salé, trop sucré
-- Pour votre santé faites une activité physique régulière
-- Pour votre santé faites 30 mn de marche par jour
-- Pour votre santé faites des BD !!!
--
-- Dr. M. Faouzi Boufarès
-- =============================================================================== 
-- =============================================================================== 
--   A new ETL   ETL & DQ : Extract-Transform-Load & Data-Quality 
--                    Al ETL Al Jadyd   
-- ===============================================================================
-- ===============================================================================

-- =============================================================================== 
-- =============================================================================== 
-- ===============================================================================                   
--   Nom du SGBD/DBMS  : ORACLE  /  DB2  /  MySQL  /  ...        
--   Date de creation  : 17/09/2018
---  Lieu              : Université Sorbonne Paris Cité, Université Paris 13, Institut Galiée
-- =============================================================================== 
-- ===============================================================================
-------------------- Master 2 EID2 - Promotion 2018-2019 -------------------------

-- Groupe de Travail N° (Binôme)  : Bxy

-- NOM Prénom 1                   : np1
-- NOM Prénom 2                   : np2

-- ====>>> Vos fichiers sql devront s'appeler : Bxy-G2.sql


-- =============================================================================== 
-- ===============================================================================
-- ===============================================================================
--   Problématique    :  Intégration de données hétérogènes, distribuées

--   Problématique    :  Traitement des anomalies éventuelles
--   Problématique    :  Plusieurs types d'anomalies INTRA-Colonne ; INTER-COLONNES ; INTER-LIGNES

--   Problématique    :  Standardisation de données hétérogènes
--   Problématique    :  Traitement des valeurs invalides syntaxiquement
--   Problématique    :  Traitement des valeurs invalides sémantiquement
--   Problématique    :  Traitement des valeurs nulles
--   Problématique    :  Traitement des redondances sémantiques (Dépendances fonctionnelles)
--   Problématique    :  Elimination des doubles et similaires

-- =============================================================================== 
-- ===============================================================================
-- ===============================================================================   
-- =============================================================================== 
-- ===============================================================================


-- *******************************************************************************
-- *******************************************************************************
-- *******************************************************************************
--       SQL 2 --     SQL 2 -- --       SQL 2 --     SQL 2 -- 
--       SQL 2 --     SQL 2 -- --       SQL 2 --     SQL 2 -- 
-- *******************************************************************************
-- *******************************************************************************
-- *******************************************************************************


SPOOL B20-GCI-02.lst

PROMPT =========================================================
-- Nom du Cas       :  Gestion Commerciale Intelligente : GESCOMI : GCI
-- Nom de SGBD      :  ORACLE DBMS                    
-- Date de création :  Septembre 2018
-- Auteur           :  Faouzi BOUFARES 
-- Université       :  Université Sorbonne Paris Cité, Université Paris 13 
-- Formation        :  Master 2 EID 2  
PROMPT =========================================================
PROMPT 
PROMPT =========================================================
PROMPT |                                                       |
PROMPT |     Exercice 2 :  BD GESCOMI avec SQL 2               |
PROMPT |     Enrichissement du schéma d une BD :               |
PROMPT |                                                       |
PROMPT =========================================================
PROMPT
PROMPT

PROMPT =========================================================
PROMPT Ceci permet d initialiser le type de la date
PROMPT =========================================================
ALTER SESSION SET NLS_DATE_FORMAT = 'DAY DD-MONTH-YYYY';
ALTER SESSION SET NLS_DATE_LANGUAGE = 'ENGLISH';
--ALTER SESSION SET NLS_DATE_LANGUAGE = 'AMERICAN' ;
PROMPT =========================================================

-- ===============================================================================
-- Définition de la structure des données ================= DEBUT    =============
-- en SQL 2 ======================================================================
-- Création des tables ============= Magasin FR01 ====== PARIS   =================

PROMPT Destruction des tables de la bd GESCOMI EN SQL 2
PROMPT =========================================================
PROMPT
DROP TABLE DETAILCOM;
DROP TABLE ARTICLES;
DROP TABLE COMMANDES;
DROP TABLE CLIENTS;
PROMPT
--Pause Tapez sur Enter...
PROMPT
PROMPT =========================================================
PROMPT Création des tables de la bd GESCOMI EN SQL 2
PROMPT =========================================================
PROMPT
PROMPT =========================================================
PROMPT >> Table : CLIENTS                                             
PROMPT =========================================================
PROMPT
CREATE TABLE CLIENTS
(
	CODCLI		VARCHAR2(10), 
	CIVCLI		VARCHAR2(12),
	NOMCLI		VARCHAR2(20),
	PRENCLI		VARCHAR2(20),
	CATCLI		NUMBER(1),
	ADNCLI		VARCHAR2(10),
	ADRCLI		VARCHAR2(50),
	CPCLI		VARCHAR2(10),
	VILCLI		VARCHAR2(20),
	PAYSCLI		VARCHAR2(30),
	MAILCLI		VARCHAR2(30),
	TELCLI		VARCHAR2(20),
	CONSTRAINT PK_CLIENTS			PRIMARY KEY(CODCLI),
	CONSTRAINT CK_CLIENTS_CIVCLI		CHECK(CIVCLI IN ('Mademoiselle', 'Madame', 'Monsieur')),
	CONSTRAINT CK_CLIENTS_CATCLI		CHECK(CATCLI BETWEEN 1 and 7),
	CONSTRAINT NN_CLIENTS_NOMCLI		CHECK(NOMCLI IS NOT NULL),
	CONSTRAINT NN_CLIENTS_PRENCLI		CHECK(PRENCLI IS NOT NULL),
	CONSTRAINT NN_CLIENTS_CATCLI		CHECK(CATCLI IS NOT NULL),
	CONSTRAINT CK_CLIENTS_VILCLI		CHECK(VILCLI = UPPER(VILCLI)),
	CONSTRAINT CK_CLIENTS_PAYSCLI		CHECK(PAYSCLI = UPPER(PAYSCLI))
);
PROMPT
--Pause Tapez sur Enter...
PROMPT
PROMPT =========================================================
PROMPT >> Table : COMMANDES
PROMPT =========================================================
PROMPT
CREATE TABLE COMMANDES
(
	NUMCOM 		VARCHAR2(10), 
	CODCLI		VARCHAR2(10),
	DATCOM		DATE,
	CONSTRAINT PK_COMMANDES				PRIMARY KEY(NUMCOM),
	CONSTRAINT NN_COMMANDES_DATCOM			CHECK(DATCOM IS NOT NULL),
	CONSTRAINT FK_COMMANDES_CODCLI_CLIENTS	FOREIGN KEY(CODCLI)	REFERENCES CLIENTS(CODCLI)
);
PROMPT
--Pause Tapez sur Enter...
PROMPT
PROMPT =========================================================
PROMPT >> Table : ARTICLES
PROMPT =========================================================
PROMPT
CREATE TABLE ARTICLES
(
	REFART 		VARCHAR2(10), 
	NOMART		VARCHAR2(50),
	PVART		NUMBER(10, 2),
	QSART		NUMBER(3),
	PAART		NUMBER(10, 2),
	CONSTRAINT PK_ARTICLES			PRIMARY KEY(REFART),
	CONSTRAINT NN_ARTICLES_NOMART		CHECK(NOMART IS NOT NULL),
	CONSTRAINT CK_ARTICLES_QSART		CHECK(QSART < 1000)
);
PROMPT
--Pause Tapez sur Enter...
PROMPT
PROMPT =========================================================
PROMPT >> Table : DETAILCOM
PROMPT =========================================================
PROMPT
CREATE TABLE DETAILCOM
(
	NUMCOM 		VARCHAR2(10), 
	REFART		VARCHAR2(10),
	QTCOM		NUMBER(3),
	PUART		NUMBER(10, 2),
	REMISE		NUMBER(4, 2),
	CONSTRAINT PK_DETAILCOM				PRIMARY KEY(NUMCOM, REFART),
	CONSTRAINT CK_DETAILCOM_QTCOM			CHECK(QTCOM < 1000),
	CONSTRAINT NN_DETAILCOM_QTCOM			CHECK(QTCOM IS NOT NULL),
	CONSTRAINT NN_DETAILCOM_PUART			CHECK(PUART IS NOT NULL),
	CONSTRAINT NN_DETAILCOM_REMISE			CHECK(REMISE IS NOT NULL),
	CONSTRAINT FK_DETAILCOM_NUMCOM_COM		FOREIGN KEY(NUMCOM)	REFERENCES COMMANDES(NUMCOM),
	CONSTRAINT FK_DETAILCOM_REFART_ARTICLES	FOREIGN KEY(REFART)	REFERENCES ARTICLES(REFART)
);
PROMPT
--Pause Tapez sur Enter...

-- ===============================================================================
-- Définition de la structure des données =========== FIN     ====================
-- en SQL 2 ======================================================================

-- Enrichissement des données ========================== DEBUT =========================================
-- Enrichissement des données ==========================================================================
-- Enrichissement des données ==========================================================================

PROMPT 
PROMPT =====================================================================
PROMPT |                                                                   |
PROMPT |      Historique des mouvements des articles                       |
PROMPT |                                                                   |
PROMPT =====================================================================
PROMPT
PROMPT

/*
-- Première proposition pour les déclencheurs

PROMPT =========================================================
PROMPT >> Requete : Trigger sur la mise a jour des prix EN SQL 2
PROMPT =========================================================
PROMPT
TTITLE CENTER 'Requete: Trigger sur la mise à jour des prix' skip 1 -
       LEFT   '=========================================================================' skip 0

PROMPT
PROMPT =========================================================
PROMPT Il est nécessaire de créer une table HISTORIQUE_PRIX qui permet
PROMPT de garder le prix des articles avant leurs mises à jour.
PROMPT C est une table qui aura comme colonne la référence, le nom, le prix
PROMPT d achat, le prix de vente (prix catalogue) de l article avant la mise
PROMPT à jour et la date de la mise à jour.
PROMPT =========================================================
PROMPT
DROP TABLE HISTORIQUE_PRIX;

CREATE TABLE HISTORIQUE_PRIX
(
	REFART 		VARCHAR2(10), 
	NOMART		VARCHAR2(50),
	PVART		NUMBER(10, 2),
	PAART		NUMBER(10, 2),
	DATMAJ		DATE,
	CONSTRAINT	NN_HISTORIQUE_PRIX_NOMART	CHECK(NOMART IS NOT NULL)
);

PROMPT
--Pause Tapez sur Enter...

PROMPT
PROMPT =========================================================
PROMPT Suppression et création du trigger = déclencheur.
PROMPT =========================================================
PROMPT
DROP TRIGGER MAJ_PRIX_ARTICLES;

CREATE OR REPLACE TRIGGER MAJ_PRIX_ARTICLES
	AFTER UPDATE ON ARTICLES
	FOR EACH ROW

DECLARE
	V_REFART	VARCHAR2(10) := :OLD.REFART;
	V_NOMART	VARCHAR2(50) := :OLD.NOMART;
	V_PVART		NUMBER(10, 2) := :OLD.PVART;
	V_PAART		NUMBER(10, 2) := :OLD.PAART;

BEGIN
	INSERT INTO HISTORIQUE_PRIX (REFART, NOMART, PVART, PAART, DATMAJ)
	VALUES (V_REFART, V_NOMART, V_PVART, V_PAART, SYSDATE);
END;
/

*/

-- Deuxième proposition pour les déclencheurs

PROMPT
PROMPT =========================================================
PROMPT Il est nécessaire de créer une table qui permet
PROMPT de garder le prix des articles avant leurs mises à jour.
PROMPT C est une table qui aura comme colonnes la référence, le nom, le prix
PROMPT d achat, le prix de vente (prix catalogue) de l article avant la mise
PROMPT à jour et la date de la mise à jour.
PROMPT =========================================================
PROMPT

PROMPT
PROMPT =====================================================================
PROMPT Il est nécessaire de créer une table HISTORIQUE_MVTS_ARTICLES.
PROMPT =====================================================================
PROMPT
DROP TABLE HISTORIQUE_MVTS_ARTICLES;

CREATE TABLE HISTORIQUE_MVTS_ARTICLES
(
	NOMUSER		VARCHAR2(15), 
	TYPEMVT		VARCHAR2(15), 
	REFART 		VARCHAR2(10), 
	NOMART		VARCHAR2(50),
	PVART		NUMBER(10, 2),
	PAART		NUMBER(10, 2),
	QSART		NUMBER(3),
	DATMVT		DATE,
	CONSTRAINT NN_HIST_ARTICLES_NOMART	CHECK(NOMART IS NOT NULL),
	CONSTRAINT NN_HIST_ARTICLES_NOMUSER	CHECK(NOMUSER IS NOT NULL),
	CONSTRAINT NN_HIST_ARTICLES_NOMTYPEMVT	CHECK(TYPEMVT IS NOT NULL)
);

PROMPT
--Pause Tapez sur Enter...
PROMPT

PROMPT =====================================================================
PROMPT >> Trigger sur les mouvements des articles
PROMPT =====================================================================

PROMPT =====================================================================
PROMPT Suppression et création du Trigger.
PROMPT =====================================================================
PROMPT
DROP TRIGGER MOUVEMENTS_ARTICLES;

CREATE OR REPLACE TRIGGER MOUVEMENTS_ARTICLES
	AFTER UPDATE OR INSERT OR DELETE ON ARTICLES
	FOR EACH ROW
DECLARE
	V_REFART	VARCHAR2(10)	:= :OLD.REFART;
	V_NOMART	VARCHAR2(50)	:= :OLD.NOMART;
	V_PVART		NUMBER(10, 2)	:= :OLD.PVART;
	V_PAART		NUMBER(10, 2)	:= :OLD.PAART;
	V_QSART		NUMBER(3)	:= :OLD.QSART;

	VI_REFART	VARCHAR2(10)	:= :NEW.REFART;
	VI_NOMART	VARCHAR2(50)	:= :NEW.NOMART;
	VI_PVART	NUMBER(10, 2)	:= :NEW.PVART;
	VI_PAART	NUMBER(10, 2)	:= :NEW.PAART;
	VI_QSART	NUMBER(3)	:= :NEW.QSART;
	
BEGIN
	IF UPDATING THEN
		INSERT INTO HISTORIQUE_MVTS_ARTICLES (NOMUSER, TYPEMVT, REFART, NOMART, PVART, PAART, QSART, DATMVT)
		VALUES (USER, 'UPDATE', V_REFART, V_NOMART, V_PVART, V_PAART, V_QSART, SYSDATE);
	END IF;

	IF DELETING THEN 
		INSERT INTO HISTORIQUE_MVTS_ARTICLES (NOMUSER, TYPEMVT, REFART, NOMART, PVART, PAART, QSART, DATMVT)
		VALUES (USER, 'DELETE', V_REFART, V_NOMART, V_PVART, V_PAART, V_QSART, SYSDATE);
	END IF;
			
	IF INSERTING THEN 
		INSERT INTO HISTORIQUE_MVTS_ARTICLES (NOMUSER, TYPEMVT, REFART, NOMART, PVART, PAART, QSART, DATMVT)
		VALUES (USER, 'INSERT', VI_REFART, VI_NOMART, VI_PVART, VI_PAART, VI_QSART, SYSDATE);
	END IF;
END;
/

/*

-- Enrichissement du schéma d'une BD : =====================================>>>>>>>

-- Création des accélérateurs des traitements : Les index ==================>>>>>>>

CREATE INDEX ndexcli ... ;

-- Création des rôles et des profils qui seront affectés aux utilisateurs ===>>>>>>
-- Partage de données

CREATE ROLE...
CREATE PROFILE...

-- COMMENT ou NO-COMMENT ? =================================================>>>>>>>
-- Commenter avec SQL (les commentaires seront stockés dans le dictionnaire du SGBD)
-- vos tables et vos colonnes : il s'agit des méta-informations (méta-données) très utiles
-- pour les autres utilisateurs

-- COMMENT ou NO-COMMENT ? =================================================>>>>>>>
-- Déclenchement d'actions automatiques pour garder trace de toutes les mises à jour
-- des données, grader plusieurs versions...
-- Développer le nécessaire pour tracer tous les changements effectués dans la table des Clients !
-- Ceci pourrait permettre de faire un meilleur suivi de la clientèle...

*/

PROMPT
PROMPT =========================================================
PROMPT Il est nécessaire de créer une table qui permet
PROMPT de garder toutes les données sur les clients avant leurs mises à jour.
PROMPT C est une table qui aura comme colonnes toutes celles de départ avant la mise
PROMPT à jour et la date de la mise à jour, l''utilisateur ayant fait la lise à jour, etc...
PROMPT =========================================================
PROMPT

PROMPT
PROMPT =====================================================================
PROMPT Il est nécessaire de créer une table HISTORIQUE_MVTS_CLIENTS.
PROMPT =====================================================================
PROMPT
/*
DROP TABLE HISTORIQUE_MVTS_CLIENTS;


CREATE TABLE HISTORIQUE_MVTS_CLIENTS
(
------------ à vous de compléter
);

PROMPT
--Pause Tapez sur Enter...
PROMPT
*/

-- Enrichissement des données ========================== FIN ===========================================
-- Enrichissement des données ==========================================================================
-- Enrichissement des données ==========================================================================


--======================================================================================
--======================================================================================
--======================================================================================
--======================================================================================
--======================================================================================
--======================================================================================
-- MFB FFF +++


-- ===============================================================================
-- Définition de la structure des données =========== FIN     ====================
-- en SQL 2 ======================================================================

-- ===============================================================================
-- Insertion des données ============================ DEBUT ======================
-- en SQL 2 ======================================================================
-- Insertion des lignes dans les tables ==========================================

PROMPT
PROMPT =====================================================================
PROMPT Insertion des données de la bd EN SQL 2 POUR UN MAGASIN donné Le FR01 de Paris
PROMPT =====================================================================
PROMPT
PROMPT =========================================================
PROMPT >> Insertion dans la Table : CLIENTS
PROMPT =========================================================
PROMPT
INSERT INTO CLIENTS (CODCLI, CIVCLI, NOMCLI, PRENCLI, CATCLI, ADNCLI, ADRCLI, CPCLI, VILCLI, PAYSCLI, MAILCLI, TELCLI)
VALUES ('C001', 'Madame', 'CLEM@ENT', 'EVE', 1, '18', 'BOULEVARD FOCH', '91000', 'EPINAY-SUR-ORGE', 'FRANCE','eve.clement@gmail.com', '+33777889911');

INSERT INTO CLIENTS (CODCLI, CIVCLI, NOMCLI, PRENCLI, CATCLI, ADNCLI, ADRCLI, CPCLI, VILCLI, PAYSCLI, MAILCLI, TELCLI)
VALUES ('C002', 'Madame', 'LESEUL', 'MARIE', 1, '21', 'AVENUE D ITALIE', '75013', 'PARIS', 'FRANCE','marieleseul@yahoo.fr', '0617586565');

INSERT INTO CLIENTS (CODCLI, CIVCLI, NOMCLI, PRENCLI, CATCLI, ADNCLI, ADRCLI, CPCLI, VILCLI, PAYSCLI, MAILCLI, TELCLI)
VALUES ('C003', 'Madame', 'UNIQUE', 'MARINE', 2, '77', 'RUE DE LA LIBERTE', '13001', 'MARCHEILLE', 'FRANCE','munique@gmail.com', '+33777889922');

INSERT INTO CLIENTS (CODCLI, CIVCLI, NOMCLI, PRENCLI, CATCLI, ADNCLI, ADRCLI, CPCLI, VILCLI, PAYSCLI, MAILCLI, TELCLI)
VALUES ('C004', 'Madame', 'CLEMENCE', 'EVELYNE', 3, '8 BIS', 'BOULEVARD FOCH', '93800', 'EPINAY-SUR-SEINE', 'FRANCE','clemence evelyne@gmail.com', '+33777889933');

INSERT INTO CLIENTS (CODCLI, CIVCLI, NOMCLI, PRENCLI, CATCLI, ADNCLI, ADRCLI, CPCLI, VILCLI, PAYSCLI, MAILCLI, TELCLI)
VALUES ('C005', 'Madame', 'FORT', 'JEANNE', 3, '55', 'RUE DU JAPON', '94310', 'ORLY-VILLE', 'FRANCE','jfort\@hotmail.fr', '+33777889944');

INSERT INTO CLIENTS (CODCLI, CIVCLI, NOMCLI, PRENCLI, CATCLI, ADNCLI, ADRCLI, CPCLI, VILCLI, PAYSCLI, MAILCLI, TELCLI)
VALUES ('C006', 'Mademoiselle', 'LE BON', 'CLEMENCE', 1, '18', 'BOULEVARD FOCH', '93800', 'EPINAY-SUR-SEINE', 'FRANCE','clemence.le bon@cfo.fr', '0033777889955');

INSERT INTO CLIENTS (CODCLI, CIVCLI, NOMCLI, PRENCLI, CATCLI, ADNCLI, ADRCLI, CPCLI, VILCLI, PAYSCLI, MAILCLI, TELCLI)
VALUES ('C007', 'Mademoiselle', 'TRAIFOR', 'ALICE', 2, '6', 'RUE DE LA ROSIERE', '75015', 'PARIS', 'FRANCE','alice.traifor@yahoo.fr', '+33777889966');

INSERT INTO CLIENTS (CODCLI, CIVCLI, NOMCLI, PRENCLI, CATCLI, ADNCLI, ADRCLI, CPCLI, VILCLI, PAYSCLI, MAILCLI, TELCLI)
VALUES ('C008', 'Monsieur', 'VIVANT', 'JEAN-BAPTISTE', 1, '13', 'RUE DE LA PAIX', '93800', 'EPINAY-SUR-SEINE', 'FRANCE','jeanbaptiste@', '0607');

INSERT INTO CLIENTS (CODCLI, CIVCLI, NOMCLI, PRENCLI, CATCLI, ADNCLI, ADRCLI, CPCLI, VILCLI, PAYSCLI, MAILCLI, TELCLI)
VALUES ('C009', 'Monsieur', 'CLEMENCE', 'ALEXANDRE', 1, '5', 'RUE DE BELLEVILLE', '75019', 'PARIS', 'FRANCE','alexandre.clemence@up13.fr', '+33149404071');

INSERT INTO CLIENTS (CODCLI, CIVCLI, NOMCLI, PRENCLI, CATCLI, ADNCLI, ADRCLI, CPCLI, VILCLI, PAYSCLI, MAILCLI, TELCLI)
VALUES ('C010', 'Monsieur', 'TRAIFOR', 'ALEXANDRE', 1, '16', 'AVENUE FOCH', '75016', 'PARIS', 'FRA','alexandre.traifor@up13.fr', '06070809');

INSERT INTO CLIENTS (CODCLI, CIVCLI, NOMCLI, PRENCLI, CATCLI, ADNCLI, ADRCLI, CPCLI, VILCLI, PAYSCLI, MAILCLI, TELCLI)
VALUES ('C011', 'Monsieur', 'PREMIER', 'JOS//EPH', 2, '77', 'RUE DE LA LIBERTE', '13001', 'MARSEILLE', 'FRANCE','josef@premier', '+33777889977');

INSERT INTO CLIENTS (CODCLI, CIVCLI, NOMCLI, PRENCLI, CATCLI, ADNCLI, ADRCLI, CPCLI, VILCLI, PAYSCLI, MAILCLI, TELCLI)
VALUES ('C012', 'Monsieur', 'CLEMENT', 'ADAM', 2, '13', 'AVENUE JEAN BAPTISTE CLEMENT', '9430', 'VILLETANEUSE', 'FRANCE','adam.clement@gmail.com', '+33149404072');

INSERT INTO CLIENTS (CODCLI, CIVCLI, NOMCLI, PRENCLI, CATCLI, ADNCLI, ADRCLI, CPCLI, VILCLI, PAYSCLI, MAILCLI, TELCLI)
VALUES ('C013', 'Monsieur', 'FORT', 'GABRIEL', 5, '1', 'AVENUE DE CARTAGE', '99000', 'TUNIS', 'TUNISIE','gabriel.fort@yahoo.fr', '+21624801777');

INSERT INTO CLIENTS (CODCLI, CIVCLI, NOMCLI, PRENCLI, CATCLI, ADNCLI, ADRCLI, CPCLI, VILCLI, PAYSCLI, MAILCLI, TELCLI)
VALUES ('C014', 'Monsieur', 'ADAM', 'DAVID', 5, '1', 'AVENUE DE ROME', '99001', 'ROME', 'ITALIE','david.adamé@gmail com', '');

INSERT INTO CLIENTS (CODCLI, CIVCLI, NOMCLI, PRENCLI, CATCLI, ADNCLI, ADRCLI, CPCLI, VILCLI, PAYSCLI, MAILCLI, TELCLI)
VALUES ('C015', 'Monsieur', 'Labsent', 'pala', 7, '1', 'rue des absents', '000', 'BAGDAD', 'IRAQ','pala-labsent@paici', '');

INSERT INTO CLIENTS (CODCLI, CIVCLI, NOMCLI, PRENCLI, CATCLI, ADNCLI, ADRCLI, CPCLI, VILCLI, PAYSCLI, MAILCLI, TELCLI)
VALUES ('C016', 'Monsieur', 'CLEMENCE', 'CLEMENT', 1, '5', 'RUE DE BELLEVILLE', '75019', 'PARIS', 'FRANCE','clement.clemence@yahoo.fr', '+33649404071');

INSERT INTO CLIENTS (CODCLI, CIVCLI, NOMCLI, PRENCLI, CATCLI, ADNCLI, ADRCLI, CPCLI, VILCLI, PAYSCLI, MAILCLI, TELCLI)
VALUES ('C017', 'Madame', 'CLEMENCE', 'CLEMENCE', 1, '5', 'RUE DE BELLEVILLE', '75019', 'PARIS', 'FRANCE','clemence.clemence@yahoo.fr', '+33649404071');

INSERT INTO CLIENTS (CODCLI, CIVCLI, NOMCLI, PRENCLI, CATCLI, ADNCLI, ADRCLI, CPCLI, VILCLI, PAYSCLI, MAILCLI, TELCLI)
VALUES ('C018', 'Madame', 'CLEMENCE', '', 1, '5', 'RUE DE BELLEVILLE', '75019', 'PARIS', 'FRANCE','clemence.clemence@yahoo.fr', '+33649404077');

INSERT INTO CLIENTS (CODCLI, CIVCLI, NOMCLI, PRENCLI, CATCLI, ADNCLI, ADRCLI, CPCLI, VILCLI, PAYSCLI, MAILCLI, TELCLI)
VALUES ('C019', 'Monsieur', 'TRAIFOR', 'SAMI', 1, '16', 'AVENUE FOCH', '75016', 'PARIS', 'FRANCE','sami.traifor@gmail.com', '06070899');

INSERT INTO CLIENTS (CODCLI, CIVCLI, NOMCLI, PRENCLI, CATCLI, ADNCLI, ADRCLI, CPCLI, VILCLI, PAYSCLI, MAILCLI, TELCLI)
VALUES ('C055', 'Madame', 'obsolete', 'kadym', 7, '1', 'rue des anciens', '000', 'CARTHAGE', 'IFRIQIA','inexistant', 'inexistant');

INSERT INTO CLIENTS (CODCLI, CIVCLI, NOMCLI, PRENCLI, CATCLI, ADNCLI, ADRCLI, CPCLI, VILCLI, PAYSCLI, MAILCLI, TELCLI)
VALUES ('C056', 'Madame', 'RAHYM', 'KARYM', 1, '1', 'RUE DES GENTILS', '1000', 'CARTHAGE', 'TUNISIE','karym.rahym@gmail.com', '+21624808444');

PROMPT
--Pause Tapez sur Enter...
PROMPT

PROMPT =========================================================
PROMPT >> Insertion dans la Table : COMMANDES
PROMPT =========================================================
PROMPT
INSERT INTO COMMANDES (NUMCOM, CODCLI, DATCOM)
VALUES ('20001AB', 'C012', 'SUNDAY 17-SEPTEMBER-2000');

INSERT INTO COMMANDES (NUMCOM, CODCLI, DATCOM)
VALUES ('20002AB', 'C001', 'SUNDAY 17-SEPTEMBER-2000');

INSERT INTO COMMANDES (NUMCOM, CODCLI, DATCOM)
VALUES ('20003AB', 'C006', ' MONDAY 16-OCTOBER-2000');

INSERT INTO COMMANDES (NUMCOM, CODCLI, DATCOM)
VALUES ('20004AB', 'C006', 'TUESDAY 24-OCTOBER-2000');

INSERT INTO COMMANDES (NUMCOM, CODCLI, DATCOM)
VALUES ('20011RB', 'C012', 'MONDAY 22-JANUARY-2001');

INSERT INTO COMMANDES (NUMCOM, CODCLI, DATCOM)
VALUES ('20012RB', 'C012', 'TUESDAY 13-MARCH-2001');

INSERT INTO COMMANDES (NUMCOM, CODCLI, DATCOM)
VALUES ('20031FB', 'C001', 'FRIDAY 14-FEBRURAY-2003');

INSERT INTO COMMANDES (NUMCOM, CODCLI, DATCOM)
VALUES ('20051FB', 'C003', 'FRIDAY 07-JANUARY-2005');

INSERT INTO COMMANDES (NUMCOM, CODCLI, DATCOM)
VALUES ('20052FB', 'C003', 'Wednesday 12-JANUARY-2005');

INSERT INTO COMMANDES (NUMCOM, CODCLI, DATCOM)
VALUES ('20053FB', 'C012', 'THURSDAY 10-MARCH-2005');

INSERT INTO COMMANDES (NUMCOM, CODCLI, DATCOM)
VALUES ('20054FB', 'C007', 'MONDAY 14-MARCH-2005');

INSERT INTO COMMANDES (NUMCOM, CODCLI, DATCOM)
VALUES ('20055FB', 'C012', 'FRIDAY 11-MARCH-2005');

INSERT INTO COMMANDES (NUMCOM, CODCLI, DATCOM)
VALUES ('20056FB', 'C013', 'MONDAY 14-MARCH-2005');

INSERT INTO COMMANDES (NUMCOM, CODCLI, DATCOM)
VALUES ('20057FB', 'C014', 'FRIDAY 11-MARCH-2005');

INSERT INTO COMMANDES (NUMCOM, CODCLI, DATCOM)
VALUES ('20061FB', 'C010', 'FRIDAY 14-FEBRURAY-2003');

INSERT INTO COMMANDES (NUMCOM, CODCLI, DATCOM)
VALUES ('20062FB', 'C009', 'FRIDAY 14-FEBRURAY-2003');

INSERT INTO COMMANDES (NUMCOM, CODCLI, DATCOM)
VALUES ('20065FB', 'C007', 'FRIDAY 14-FEBRURAY-2003');

INSERT INTO COMMANDES (NUMCOM, CODCLI, DATCOM)
VALUES ('20066FB', 'C002', 'FRIDAY 14-FEBRURAY-2003');

INSERT INTO COMMANDES (NUMCOM, CODCLI, DATCOM)
VALUES ('20067FB', 'C002', 'FRIDAY 14-FEBRURAY-2003');

INSERT INTO COMMANDES (NUMCOM, CODCLI, DATCOM)
VALUES ('20068FB', 'C002', 'FRIDAY 14-FEBRURAY-2003');

INSERT INTO COMMANDES (NUMCOM, CODCLI, DATCOM)
VALUES ('20069FB', 'C002', 'TUESDAY 30-JANUARY-2007');

INSERT INTO COMMANDES (NUMCOM, CODCLI, DATCOM)
VALUES ('20070FB', 'C002', 'TUESDAY 30-JANUARY-2007');

INSERT INTO COMMANDES (NUMCOM, CODCLI, DATCOM)
VALUES ('20071FB', 'C013', 'TUESDAY 30-JANUARY-2007');

INSERT INTO COMMANDES (NUMCOM, CODCLI, DATCOM)
VALUES ('20072FB', 'C013', 'TUESDAY 30-JANUARY-2007');

INSERT INTO COMMANDES (NUMCOM, CODCLI, DATCOM)
VALUES ('20073FB', 'C014', 'TUESDAY 30-JANUARY-2007');

INSERT INTO COMMANDES (NUMCOM, CODCLI, DATCOM)
VALUES ('20074FB', 'C014', 'TUESDAY 30-JANUARY-2007');

INSERT INTO COMMANDES (NUMCOM, CODCLI, DATCOM)
VALUES ('20184FB', 'C014', 'MONDAY 17-SEPTEMBER-2018');

INSERT INTO COMMANDES (NUMCOM, CODCLI, DATCOM)
VALUES ('20181AB', 'C012', 'MONDAY 17-SEPTEMBER-2018');


PROMPT
--Pause Tapez sur Enter...
PROMPT

PROMPT =========================================================
PROMPT >> Insertion dans la Table : ARTICLES
PROMPT =========================================================
PROMPT
INSERT INTO ARTICLES (REFART, NOMART, PVART, QSART, PAART)
VALUES ('F1.001', 'SIEGE DE TABLE', 35.00, 10, 26.43);

INSERT INTO ARTICLES (REFART, NOMART, PVART, QSART, PAART)
VALUES ('F1.002', 'CASQUE CYCLISTE PROTECTION', 27.00, 20, 20.00);

INSERT INTO ARTICLES (REFART, NOMART, PVART, QSART, PAART)
VALUES ('F1.003', 'BONNET PARE-CHOCS', 10.71, 100, 5.71);

INSERT INTO ARTICLES (REFART, NOMART, PVART, QSART, PAART)
VALUES ('F1.004', 'STORE DE PROTECTION', 7.43, 5, 4.29);

INSERT INTO ARTICLES (REFART, NOMART, PVART, QSART, PAART)
VALUES ('F1.005', 'COINS DE PROTECTION', 4.00, 100, 1.71);

INSERT INTO ARTICLES (REFART, NOMART, PVART, QSART, PAART)
VALUES ('F1.006', 'CACHE PRISE DE COURANT', 2.29, 500, 0.71);

INSERT INTO ARTICLES (REFART, NOMART, PVART, QSART, PAART)
VALUES ('F1.007', 'BLOQUE PORTE', 5.00, 4, 2.29);

INSERT INTO ARTICLES (REFART, NOMART, PVART, QSART, PAART)
VALUES ('F1.008', 'BANDE DE FERMETURE', 3.29, 4, 1.71);

INSERT INTO ARTICLES (REFART, NOMART, PVART, QSART, PAART)
VALUES ('F1.009', 'PROTECTION DE FOUR', 37.86, 10, 26.43);

INSERT INTO ARTICLES (REFART, NOMART, PVART, QSART, PAART)
VALUES ('F1.010', 'PROTECTION DE CUISINIERE', 30.71, 10, 22.86);

INSERT INTO ARTICLES (REFART, NOMART, PVART, QSART, PAART)
VALUES ('F1.011', 'BABY PHONE', 80.71, 3, 45.71);

INSERT INTO ARTICLES (REFART, NOMART, PVART, QSART, PAART)
VALUES ('F1.012', 'BRETELLE DE SECURITE', 15.57, 8, 11.43);

INSERT INTO ARTICLES (REFART, NOMART, PVART, QSART, PAART)
VALUES ('F1.013', 'HAUSSE-CHAISE', 42.71, 1, 25.43);

INSERT INTO ARTICLES (REFART, NOMART, PVART, QSART, PAART)
VALUES ('F1.014', 'COUVRE ROBINETTERIE', 7.86, 12, 4.29);

INSERT INTO ARTICLES (REFART, NOMART, PVART, QSART, PAART)
VALUES ('F2.001', 'BARRIERE DE PORTE, EN BOIS', 32.71, 2, 25.71);

INSERT INTO ARTICLES (REFART, NOMART, PVART, QSART, PAART)
VALUES ('F2.002', 'BARRIERE DE PORTE, EN METAL', 49.14, 3, 28.43);

INSERT INTO ARTICLES (REFART, NOMART, PVART, QSART, PAART)
VALUES ('F2.003', 'BARRIERE DE LIT', 23.71, 10, 15.71);

INSERT INTO ARTICLES (REFART, NOMART, PVART, QSART, PAART)
VALUES ('F2.004', 'PORTE-BEBE', 44.86, 6, 34.29);

INSERT INTO ARTICLES (REFART, NOMART, PVART, QSART, PAART)
VALUES ('F2.005', 'SIEGE-AUTO COSMOS', 126.86, 2, 71.43);

INSERT INTO ARTICLES (REFART, NOMART, PVART, QSART, PAART)
VALUES ('F2.006', 'SIEGE-AUTO EUROSEAT', 121.29, 2, 71.43);

INSERT INTO ARTICLES (REFART, NOMART, PVART, QSART, PAART)
VALUES ('FB.001', 'DVD-SPIRIT', 24.90, 2, 12.00);

INSERT INTO ARTICLES (REFART, NOMART, PVART, QSART, PAART)
VALUES ('FB.002', 'DVD-SPIDER MAN', 24.90, 2, 12.00);

INSERT INTO ARTICLES (REFART, NOMART, PVART, QSART, PAART)
VALUES ('FB.003', 'DVD-SPIDER MAN 2', 24.90, 2, 12.00);

INSERT INTO ARTICLES (REFART, NOMART, PVART, QSART, PAART)
VALUES ('WD.001', 'K7 VIDEO-TOY STORY', 21.29, 10, 9.29);

INSERT INTO ARTICLES (REFART, NOMART, PVART, QSART, PAART)
VALUES ('WD.002', 'DVD-TOY STORY 2', 34.29, 10, 12.14);

INSERT INTO ARTICLES (REFART, NOMART, PVART, QSART, PAART)
VALUES ('WD.003', 'K7 VIDEO-WINNIE L OURSON', 22.86, 5, 9.29);

INSERT INTO ARTICLES (REFART, NOMART, PVART, QSART, PAART)
VALUES ('WD.004', 'DVD-FRERES DES OURS', 35.00, 3, 13.00);

INSERT INTO ARTICLES (REFART, NOMART, PVART, QSART, PAART)
VALUES ('WD.005', 'K7 VIDEO-LE ROI LION', 30.00, 1, 13.00);

INSERT INTO ARTICLES (REFART, NOMART, PVART, QSART, PAART)
VALUES ('WD.006', 'K7 VIDEO-LE ROI LION 2', 30.00, 4, 13.00);

INSERT INTO ARTICLES (REFART, NOMART, PVART, QSART, PAART)
VALUES ('WD.007', 'K7 VIDEO-LE ROI LION 3', 30.00, 3, 13.00);

PROMPT
--Pause Tapez sur Enter...
PROMPT

PROMPT =========================================================
PROMPT >> Insertion dans la Table : DETAILCOM
PROMPT =========================================================
PROMPT
INSERT INTO DETAILCOM (NUMCOM, REFART, QTCOM, PUART, REMISE)
VALUES ('20001AB', 'F1.001', 2, 35.00, 2.50);

INSERT INTO DETAILCOM (NUMCOM, REFART, QTCOM, PUART, REMISE)
VALUES ('20001AB', 'F1.003', 4, 10.71, 3.00);

INSERT INTO DETAILCOM (NUMCOM, REFART, QTCOM, PUART, REMISE)
VALUES ('20001AB', 'F1.013', 2, 49.14, 0.00);

INSERT INTO DETAILCOM (NUMCOM, REFART, QTCOM, PUART, REMISE)
VALUES ('20001AB', 'WD.001', 1, 21.29, 0.00);

INSERT INTO DETAILCOM (NUMCOM, REFART, QTCOM, PUART, REMISE)
VALUES ('20002AB', 'F1.001', 2, 33.00, 3.00);

INSERT INTO DETAILCOM (NUMCOM, REFART, QTCOM, PUART, REMISE)
VALUES ('20002AB', 'WD.001', 1, 21.29, 0.00);

INSERT INTO DETAILCOM (NUMCOM, REFART, QTCOM, PUART, REMISE)
VALUES ('20002AB', 'WD.002', 1, 34.29, 0.00);

INSERT INTO DETAILCOM (NUMCOM, REFART, QTCOM, PUART, REMISE)
VALUES ('20002AB', 'WD.003', 1, 22.86, 0.00);

INSERT INTO DETAILCOM (NUMCOM, REFART, QTCOM, PUART, REMISE)
VALUES ('20003AB', 'FB.001', 5, 21.00, 4.00);

INSERT INTO DETAILCOM(NUMCOM, REFART, QTCOM, PUART, REMISE)
VALUES ('20003AB', 'WD.002', 1, 34.29, 0.00);

INSERT INTO DETAILCOM (NUMCOM, REFART, QTCOM, PUART, REMISE)
VALUES ('20003AB', 'WD.003', 1, 22.86, 0.00);

INSERT INTO DETAILCOM (NUMCOM, REFART, QTCOM, PUART, REMISE)
VALUES ('20004AB', 'F1.008', 2, 3.29, 3.50);

INSERT INTO DETAILCOM (NUMCOM, REFART, QTCOM, PUART, REMISE)
VALUES ('20004AB', 'WD.001', 1, 21.29, 2.50);

INSERT INTO DETAILCOM (NUMCOM, REFART, QTCOM, PUART, REMISE)
VALUES ('20012RB', 'F1.007', 5, 5.00, 3.00);

INSERT INTO DETAILCOM (NUMCOM, REFART, QTCOM, PUART, REMISE)
VALUES ('20012RB', 'F1.009', 1, 37.86, 0.00);

INSERT INTO DETAILCOM (NUMCOM, REFART, QTCOM, PUART, REMISE)
VALUES ('20012RB', 'FB.003', 5, 24.00, 0.00);

INSERT INTO DETAILCOM (NUMCOM, REFART, QTCOM, PUART, REMISE)
VALUES ('20031FB', 'F1.008', 2, 3.29, 3.00);

INSERT INTO DETAILCOM (NUMCOM, REFART, QTCOM, PUART, REMISE)
VALUES ('20031FB', 'F2.001', 1, 30.71, 0.00);

INSERT INTO DETAILCOM (NUMCOM, REFART, QTCOM, PUART, REMISE)
VALUES ('20031FB', 'FB.001', 5, 21.00, 0.00);

INSERT INTO DETAILCOM (NUMCOM, REFART, QTCOM, PUART, REMISE)
VALUES ('20051FB', 'F1.008', 2, 3.29, 0.00);

INSERT INTO DETAILCOM (NUMCOM, REFART, QTCOM, PUART, REMISE)
VALUES ('20051FB', 'FB.001', 5, 21.00, 4.00);

INSERT INTO DETAILCOM (NUMCOM, REFART, QTCOM, PUART, REMISE)
VALUES ('20052FB', 'F1.001', 2, 35.00, 0.00);

INSERT INTO DETAILCOM (NUMCOM, REFART, QTCOM, PUART, REMISE)
VALUES ('20052FB', 'F1.003', 4, 10.71, 0.00);

INSERT INTO DETAILCOM (NUMCOM, REFART, QTCOM, PUART, REMISE)
VALUES ('20052FB', 'F1.013', 2, 49.14, 3.50);

INSERT INTO DETAILCOM (NUMCOM, REFART, QTCOM, PUART, REMISE)
VALUES ('20052FB', 'WD.001', 1, 21.29, 0.00);

INSERT INTO DETAILCOM (NUMCOM, REFART, QTCOM, PUART, REMISE)
VALUES ('20052FB', 'WD.003', 1, 22.86, 0.00);

INSERT INTO DETAILCOM (NUMCOM, REFART, QTCOM, PUART, REMISE)
VALUES ('20053FB', 'WD.003', 1, 22.86, 0.00);

INSERT INTO DETAILCOM (NUMCOM, REFART, QTCOM, PUART, REMISE)
VALUES ('20054FB', 'WD.003', 1, 22.86, 0.00);

INSERT INTO DETAILCOM (NUMCOM, REFART, QTCOM, PUART, REMISE)
VALUES ('20055FB', 'F1.008', 5, 3.29, 0.00);

INSERT INTO DETAILCOM (NUMCOM, REFART, QTCOM, PUART, REMISE)
VALUES ('20055FB', 'F1.009', 1, 37.86, 0.00);

INSERT INTO DETAILCOM (NUMCOM, REFART, QTCOM, PUART, REMISE)
VALUES ('20055FB', 'F1.011', 2, 80.71, 0.00);

INSERT INTO DETAILCOM (NUMCOM, REFART, QTCOM, PUART, REMISE)
VALUES ('20055FB', 'F2.001', 1, 30.71, 0.00);

INSERT INTO DETAILCOM (NUMCOM, REFART, QTCOM, PUART, REMISE)
VALUES ('20056FB', 'F1.011', 2, 80.71, 0.00);

INSERT INTO DETAILCOM (NUMCOM, REFART, QTCOM, PUART, REMISE)
VALUES ('20057FB', 'F2.001', 1, 30.71, 0.00);

INSERT INTO DETAILCOM(NUMCOM, REFART, QTCOM, PUART, REMISE)
VALUES ('20061FB', 'FB.003', 5, 24.00, 0.00);

INSERT INTO DETAILCOM(NUMCOM, REFART, QTCOM, PUART, REMISE)
VALUES ('20062FB', 'FB.003', 5, 24.00, 0.00);

INSERT INTO DETAILCOM(NUMCOM, REFART, QTCOM, PUART, REMISE)
VALUES ('20065FB', 'FB.003', 5, 24.00, 0.00);

INSERT INTO DETAILCOM(NUMCOM, REFART, QTCOM, PUART, REMISE)
VALUES ('20066FB', 'FB.003', 5, 24.00, 0.00);

INSERT INTO DETAILCOM(NUMCOM, REFART, QTCOM, PUART, REMISE)
VALUES ('20067FB', 'FB.001', 22, 24.00, 0.00);

INSERT INTO DETAILCOM(NUMCOM, REFART, QTCOM, PUART, REMISE)
VALUES ('20068FB', 'FB.001', 22, 24.00, 0.00);

INSERT INTO DETAILCOM(NUMCOM, REFART, QTCOM, PUART, REMISE)
VALUES ('20069FB', 'FB.001', 25, 58.00, 0.00);

INSERT INTO DETAILCOM(NUMCOM, REFART, QTCOM, PUART, REMISE)
VALUES ('20070FB', 'FB.001', 50, 24.00, 0.00);

INSERT INTO DETAILCOM(NUMCOM, REFART, QTCOM, PUART, REMISE)
VALUES ('20071FB', 'FB.001', 37, 27.90, 0.00);

INSERT INTO DETAILCOM(NUMCOM, REFART, QTCOM, PUART, REMISE)
VALUES ('20072FB', 'FB.001', 8, 34.00, 0.00);

INSERT INTO DETAILCOM(NUMCOM, REFART, QTCOM, PUART, REMISE)
VALUES ('20073FB', 'FB.001', 35, 15.50, 0.00);

INSERT INTO DETAILCOM(NUMCOM, REFART, QTCOM, PUART, REMISE)
VALUES ('20074FB', 'FB.001', 12, 19.99, 0.00);

INSERT INTO DETAILCOM(NUMCOM, REFART, QTCOM, PUART, REMISE)
VALUES ('20181AB', 'FB.001', 7, 17.77, 0.00);

--=========================================================================
-- Nouvelles données pour les systèmes de recommandation
INSERT INTO COMMANDES (NUMCOM, CODCLI, DATCOM)
VALUES ('2018001', 'C001', 'MONDAY 17-SEPTEMBER-2018');

INSERT INTO DETAILCOM(NUMCOM, REFART, QTCOM, PUART, REMISE)
VALUES ('2018001', 'FB.001', 2, 17.77, 0.00);
INSERT INTO DETAILCOM(NUMCOM, REFART, QTCOM, PUART, REMISE)
VALUES ('2018001', 'FB.002', 3, 24.90, 0.00);
INSERT INTO DETAILCOM(NUMCOM, REFART, QTCOM, PUART, REMISE)
VALUES ('2018001', 'FB.003', 1, 24.90, 0.00);
INSERT INTO DETAILCOM(NUMCOM, REFART, QTCOM, PUART, REMISE)
VALUES ('2018001', 'FB.004', 1, 7.43, 0.00);
INSERT INTO DETAILCOM(NUMCOM, REFART, QTCOM, PUART, REMISE)
VALUES ('2018001', 'FB.005', 1, 4.00, 0.00);

INSERT INTO COMMANDES (NUMCOM, CODCLI, DATCOM)
VALUES ('2018002', 'C002', 'MONDAY 17-SEPTEMBER-2018');

INSERT INTO DETAILCOM(NUMCOM, REFART, QTCOM, PUART, REMISE)
VALUES ('2018002', 'FB.001', 1, 17.77, 0.00);
INSERT INTO DETAILCOM(NUMCOM, REFART, QTCOM, PUART, REMISE)
VALUES ('2018002', 'FB.002', 1, 24.90, 0.00);
INSERT INTO DETAILCOM(NUMCOM, REFART, QTCOM, PUART, REMISE)
VALUES ('2018002', 'FB.003', 1, 24.90, 0.00);
INSERT INTO DETAILCOM(NUMCOM, REFART, QTCOM, PUART, REMISE)

INSERT INTO COMMANDES (NUMCOM, CODCLI, DATCOM)
VALUES ('2018003', 'C003', 'MONDAY 17-SEPTEMBER-2018');

INSERT INTO DETAILCOM(NUMCOM, REFART, QTCOM, PUART, REMISE)
VALUES ('2018003', 'FB.001', 5, 17.77, 0.00);
INSERT INTO DETAILCOM(NUMCOM, REFART, QTCOM, PUART, REMISE)
VALUES ('2018003', 'FB.002', 2, 24.90, 0.00);
INSERT INTO DETAILCOM(NUMCOM, REFART, QTCOM, PUART, REMISE)
VALUES ('2018003', 'FB.003', 1, 24.90, 0.00);
INSERT INTO DETAILCOM(NUMCOM, REFART, QTCOM, PUART, REMISE)
VALUES ('2018003', 'FB.005', 1, 4.00, 0.00);

INSERT INTO COMMANDES (NUMCOM, CODCLI, DATCOM)
VALUES ('2018004', 'C004', 'MONDAY 17-SEPTEMBER-2018');

INSERT INTO DETAILCOM(NUMCOM, REFART, QTCOM, PUART, REMISE)
VALUES ('2018004', 'FB.002', 3, 24.90, 0.00);
INSERT INTO DETAILCOM(NUMCOM, REFART, QTCOM, PUART, REMISE)
VALUES ('2018004', 'FB.003', 3, 24.90, 0.00);
INSERT INTO DETAILCOM(NUMCOM, REFART, QTCOM, PUART, REMISE)
VALUES ('2018004', 'FB.004', 3, 7.43, 0.00);
INSERT INTO DETAILCOM(NUMCOM, REFART, QTCOM, PUART, REMISE)
VALUES ('2018004', 'FB.005', 4, 4.00, 0.00);

INSERT INTO COMMANDES (NUMCOM, CODCLI, DATCOM)
VALUES ('2018005', 'C006', 'FRIDAY 21-SEPTEMBER-2018');

INSERT INTO DETAILCOM(NUMCOM, REFART, QTCOM, PUART, REMISE)
VALUES ('2018005', 'FB.006', 1, 2.29, 0.00);
INSERT INTO DETAILCOM(NUMCOM, REFART, QTCOM, PUART, REMISE)
VALUES ('2018005', 'FB.007', 1, 5.00, 0.00);
INSERT INTO DETAILCOM(NUMCOM, REFART, QTCOM, PUART, REMISE)
VALUES ('2018005', 'FB.008', 1, 3.29, 0.00);

INSERT INTO COMMANDES (NUMCOM, CODCLI, DATCOM)
VALUES ('2018006', 'C007', 'FRIDAY 21-SEPTEMBER-2018');

INSERT INTO DETAILCOM(NUMCOM, REFART, QTCOM, PUART, REMISE)
VALUES ('2018006', 'FB.006', 1, 2.29, 0.00);
INSERT INTO DETAILCOM(NUMCOM, REFART, QTCOM, PUART, REMISE)
VALUES ('2018006', 'FB.007', 1, 5.00, 0.00);

INSERT INTO COMMANDES (NUMCOM, CODCLI, DATCOM)
VALUES ('2018007', 'C009', 'FRIDAY 21-SEPTEMBER-2018');

INSERT INTO DETAILCOM(NUMCOM, REFART, QTCOM, PUART, REMISE)
VALUES ('2018007', 'FB.001', 5, 17.77, 0.00);
INSERT INTO DETAILCOM(NUMCOM, REFART, QTCOM, PUART, REMISE)
VALUES ('2018007', 'FB.009', 2, 37.86, 0.00);
INSERT INTO DETAILCOM(NUMCOM, REFART, QTCOM, PUART, REMISE)
VALUES ('2018007', 'FB.010', 2, 30.71, 0.00);

INSERT INTO COMMANDES (NUMCOM, CODCLI, DATCOM)
VALUES ('2018008', 'C010', 'FRIDAY 21-SEPTEMBER-2018');

INSERT INTO DETAILCOM(NUMCOM, REFART, QTCOM, PUART, REMISE)
VALUES ('2018008', 'FB.001', 1, 17.77, 0.00);
INSERT INTO DETAILCOM(NUMCOM, REFART, QTCOM, PUART, REMISE)
VALUES ('2018008', 'FB.009', 2, 37.86, 0.00);

INSERT INTO COMMANDES (NUMCOM, CODCLI, DATCOM)
VALUES ('2018009', 'C011', 'FRIDAY 21-SEPTEMBER-2018');

INSERT INTO DETAILCOM(NUMCOM, REFART, QTCOM, PUART, REMISE)
VALUES ('2018009', 'FB.001', 2, 17.77, 0.00);
INSERT INTO DETAILCOM(NUMCOM, REFART, QTCOM, PUART, REMISE)
VALUES ('2018009', 'FB.009', 2, 37.86, 0.00);
INSERT INTO DETAILCOM(NUMCOM, REFART, QTCOM, PUART, REMISE)
VALUES ('2018009', 'FB.010', 1, 30.71, 0.00);

INSERT INTO COMMANDES (NUMCOM, CODCLI, DATCOM)
VALUES ('2018010', 'C013', 'MONDAY 17-SEPTEMBER-2018');

INSERT INTO DETAILCOM(NUMCOM, REFART, QTCOM, PUART, REMISE)
VALUES ('2018010', 'FB.001', 3, 17.77, 0.00);
INSERT INTO DETAILCOM(NUMCOM, REFART, QTCOM, PUART, REMISE)
VALUES ('2018010', 'FB.002', 1, 24.90, 0.00);
INSERT INTO DETAILCOM(NUMCOM, REFART, QTCOM, PUART, REMISE)
VALUES ('2018010', 'FB.006', 4, 2.29, 0.00);

INSERT INTO COMMANDES (NUMCOM, CODCLI, DATCOM)
VALUES ('2018011', 'C014', 'MONDAY 17-SEPTEMBER-2018');

INSERT INTO DETAILCOM(NUMCOM, REFART, QTCOM, PUART, REMISE)
VALUES ('2018011', 'FB.001', 2, 17.77, 0.00);
INSERT INTO DETAILCOM(NUMCOM, REFART, QTCOM, PUART, REMISE)
VALUES ('2018011', 'FB.002', 1, 24.90, 0.00);
INSERT INTO DETAILCOM(NUMCOM, REFART, QTCOM, PUART, REMISE)
VALUES ('2018011', 'FB.006', 4, 2.29, 0.00);
INSERT INTO DETAILCOM(NUMCOM, REFART, QTCOM, PUART, REMISE)
VALUES ('2018011', 'FB.007', 5, 5.00, 0.00);

INSERT INTO COMMANDES (NUMCOM, CODCLI, DATCOM)
VALUES ('2018012', 'C016', 'FRIDAY 21-SEPTEMBER-2018');

INSERT INTO DETAILCOM(NUMCOM, REFART, QTCOM, PUART, REMISE)
VALUES ('2018012', 'FB.004', 3, 7.43, 0.00);
INSERT INTO DETAILCOM(NUMCOM, REFART, QTCOM, PUART, REMISE)
VALUES ('2018012', 'FB.006', 1, 2.29, 0.00);
INSERT INTO DETAILCOM(NUMCOM, REFART, QTCOM, PUART, REMISE)
VALUES ('2018012', 'FB.009', 1, 37.86, 0.00);

INSERT INTO COMMANDES (NUMCOM, CODCLI, DATCOM)
VALUES ('2018013', 'C017', 'FRIDAY 21-SEPTEMBER-2018');

INSERT INTO DETAILCOM(NUMCOM, REFART, QTCOM, PUART, REMISE)
VALUES ('2018013', 'FB.004', 1, 7.43, 0.00);
INSERT INTO DETAILCOM(NUMCOM, REFART, QTCOM, PUART, REMISE)
VALUES ('2018013', 'FB.009', 1, 37.86, 0.00);

INSERT INTO COMMANDES (NUMCOM, CODCLI, DATCOM)
VALUES ('2018014', 'C019', 'FRIDAY 21-SEPTEMBER-2018');

INSERT INTO DETAILCOM(NUMCOM, REFART, QTCOM, PUART, REMISE)
VALUES ('2018014', 'FB.011', 1, 80.71, 0.00);

INSERT INTO COMMANDES (NUMCOM, CODCLI, DATCOM)
VALUES ('2018015', 'C001', 'MONDAY 24-SEPTEMBER-2018');

INSERT INTO DETAILCOM(NUMCOM, REFART, QTCOM, PUART, REMISE)
VALUES ('2018015', 'FB.001', 6, 17.77, 0.00);

--=========================================================================

PROMPT =========================================================
PROMPT Validation des insertions dans la bd EN SQL 2 
PROMPT =========================================================

COMMIT;

PROMPT
--Pause Tapez sur Enter...

-- Affichage des données ===================================================
-- en SQL 2 ================================================================
-- Affichage des lignes dans les tables ====================================

PROMPT
PROMPT =========================================================
PROMPT Affichage des tables de la bd EN SQL 2 
PROMPT =========================================================

SET TIMING ON;
SET LINES 1000
SET PAGES 1000

COLUMN CODCLI  FORMAT A6
COLUMN CIVCLI  FORMAT A8
COLUMN NOMCLI  FORMAT A8
COLUMN PRENCLI FORMAT A8
COLUMN CATCLI  FORMAT 99
COLUMN ADNCLI  FORMAT A6
COLUMN ADRCLI  FORMAT A10
COLUMN CPCLI   FORMAT A5
COLUMN VILCLI  FORMAT A6
COLUMN PAYSCLI FORMAT A7
COLUMN MAILCLI FORMAT A10
COLUMN TELCLI  FORMAT A10

COLUMN NUMCOM  FORMAT A10
COLUMN DATCOM  FORMAT A28
COLUMN REFART  FORMAT A8
COLUMN NOMART  FORMAT A25
COLUMN PVART   FORMAT 999.99
COLUMN QSART   FORMAT 99
COLUMN PAART   FORMAT 999.99
COLUMN QTCOM   FORMAT 99
COLUMN PUART   FORMAT 999.99
COLUMN REMISE  FORMAT 999.99

SELECT * FROM CLIENTS;

PROMPT
--Pause Tapez sur Enter...
PROMPT

SELECT * FROM COMMANDES;

PROMPT
--Pause Tapez sur Enter...
PROMPT

SELECT * FROM ARTICLES;

PROMPT
--Pause Tapez sur Enter...
PROMPT

SELECT * FROM DETAILCOM;

PROMPT
--Pause Tapez sur Enter...
PROMPT
-- ===============================================================================
-- Insertion des données ============================ FIN ========================
-- en SQL 2 ======================================================================



-- Manipulations-Interrogations des données =======================================================
-- en SQL 2 =======================================================================================
-- Requêtes dans les tables =======================================================================


-- ************************************************************************************************ 
-- ************************************************************************************************ 
-- ************************************************************************************************ 
-- ************************************************************************************************ 
-- ************************************************************************************************ 
-- **********    Historique des mouvements des articles                             *************** 
-- **********    CORRELATION ENTTRE LES PRIX DES ARTICLE ET LE CHIFFRE D'AFFAIRES   *************** 
-- **********    CORRELATION ENTTRE LES PRIX DES ARTICLE ET LE CHIFFRE D'AFFAIRES   *************** 
-- ************************************************************************************************ 
-- ************************************************************************************************ 
-- ************************************************************************************************ 
-- ************************************************************************************************ 
-- ************************************************************************************************ 


-- Manipulations pour vérifier les TRIGGERS des lignes dans les tables ===========
-- Table des Articles

PROMPT
--Pause Tapez sur Enter...
PROMPT

PROMPT =========================================================
PROMPT Exemple avec 2 insertions et 2 mises à jour dans la table ARTICLES
PROMPT =========================================================
PROMPT
DELETE	FROM	ARTICLES
WHERE	REFART = 'WD.010';

INSERT INTO ARTICLES (REFART, NOMART, PVART, QSART, PAART)
VALUES ('WD.010', 'K7 VIDEO-Exemple de k7', 30.00, 3, 13.00);

DELETE	FROM	ARTICLES
WHERE	REFART = 'WD.011';

INSERT INTO ARTICLES (REFART, NOMART, PVART, QSART, PAART)
VALUES ('WD.011', 'Exemple de DVD', 25.00, 5, 10.00);

PROMPT
--Pause Tapez sur Enter...
PROMPT

COLUMN REFART	FORMAT A6
COLUMN NOMART	FORMAT A25
COLUMN PVART	FORMAT 99.99
COLUMN QSMART	FORMAT 99
COLUMN PAART	FORMAT 99.99
COLUMN DATMAJ	FORMAT A26

PROMPT =========================================================
PROMPT Visualisation des articles insérés dans ARTICLES
PROMPT =========================================================
TTITLE CENTER 'Visualisation des articles insérés dans ARTICLES' skip 1 -
       LEFT   '=========================================================================' skip 0
SELECT	*
FROM	ARTICLES
WHERE	REFART IN ('WD.010', 'WD.011');

-- >>>>>>>>>>>>>>>>>>>>>>>>>> -- Résultat généré:
-- ??? 

PROMPT
--Pause Tapez sur Enter...
PROMPT

PROMPT =========================================================
PROMPT MAJ des articles dans ARTICLES
PROMPT =========================================================
PROMPT
TTITLE CENTER 'Mise à jour des articles insérés dans ARTICLES' skip 1 -
       LEFT   '=========================================================================' skip 0
UPDATE	ARTICLES
SET	PVART = 45.00, PAART = 15.00
WHERE	REFART = 'WD.010';

UPDATE	ARTICLES
SET	PVART = 2.00
WHERE	REFART = 'WD.011';

PROMPT
--Pause Tapez sur Enter...
PROMPT

PROMPT =====================================================================
PROMPT Visualisation des 2 articles MAJ dans ARTICLES
PROMPT =====================================================================
PROMPT
TTITLE CENTER 'Visualisation des 2 articles MAJ dans ARTICLES' skip 1 -
       LEFT   '=========================================================================' skip 0
SELECT	*
FROM	ARTICLES
WHERE	REFART IN ('WD.010', 'WD.011');

-- >>>>>>>>>>>>>>>>>>>>>>>>>> -- Résultat généré:
-- ??? 

PROMPT
--Pause Tapez sur Enter...
PROMPT

PROMPT =====================================================================
PROMPT Visualisation de la table HISTORIQUE_PRIX
PROMPT =====================================================================
PROMPT
TTITLE CENTER 'Visualisation de la table HISTORIQUE_PRIX' skip 1 -
       LEFT   '=========================================================================' skip 0
SELECT	*
FROM	HISTORIQUE_PRIX;

-- >>>>>>>>>>>>>>>>>>>>>>>>>> -- Résultat généré:
-- ??? 

PROMPT
--Pause Tapez sur Enter...
PROMPT


PROMPT 
PROMPT =====================================================================
PROMPT |                                                                   |
PROMPT |      Historique des mouvements des articles                       |
PROMPT |                                                                   |
PROMPT =====================================================================
PROMPT
PROMPT


PROMPT
--Pause Tapez sur Enter...
PROMPT

COLUMN 	NOMUSER		FORMAT A12 
COLUMN	TYPEMVT		FORMAT A6 
COLUMN	REFART 		FORMAT A6
COLUMN	NOMART		FORMAT A11
COLUMN	PVART		FORMAT 999.99
COLUMN	PAART		FORMAT 999.99
COLUMN	QSART		FORMAT 999
COLUMN	DATMVT		FORMAT A19

PROMPT =====================================================================
PROMPT Suppression et Insertion dans la table ARTICLES (par user-X par exemple)
PROMPT =====================================================================
PROMPT
DELETE
FROM	ARTICLES
WHERE	REFART = 'WD.012';

INSERT INTO ARTICLES (REFART, NOMART, PVART, QSART, PAART)
VALUES ('WD.012', 'Exemple de DVD BIS', 25.00, 5, 10.00);

PROMPT =====================================================================
PROMPT Mouvements dans la table ARTICLES effectués par des utilisateurs
PROMPT externes: user-y et user-X
PROMPT =====================================================================
PROMPT

PROMPT
--Pause Tapez sur Enter...
PROMPT

PROMPT =====================================================================
PROMPT Visualisation de la table HISTORIQUE_MVTS_ARTICLES
PROMPT =====================================================================
PROMPT
TTITLE CENTER 'Visualisation de la table HISTORIQUE_MVTS_ARTICLES' skip 1 -
       LEFT   '=========================================================================' skip 0
SELECT	*
FROM	HISTORIQUE_MVTS_ARTICLES;

-- __________________________________________________________________________
-- 
-- Résultat généré:
--
--      Visualisation de la table HISTORIQUE_MVTS_ARTICLES
-- =========================================================================
--

-- __________________________________________________________________________

PROMPT
--Pause Tapez sur Enter...
PROMPT

PROMPT =====================================================================
PROMPT Suppression et insertion dans la table ARTICLES.
PROMPT =====================================================================
PROMPT
DELETE	FROM	ARTICLES
WHERE	REFART = 'WD.012';

INSERT INTO ARTICLES (REFART, NOMART, PVART, QSART, PAART)
VALUES ('WD.012', 'le roi de la jungle 1', 29.99, 5, 13.00);

INSERT INTO ARTICLES (REFART, NOMART, PVART, QSART, PAART)
VALUES ('WD.023', 'le roi de la jungle 2', 39.99, 5, 21.00);

COMMIT;

PROMPT =====================================================================
PROMPT Visualisation de la table HISTORIQUE_MVTS_ARTICLES
PROMPT =====================================================================
PROMPT
TTITLE CENTER 'Visualisation de la table HISTORIQUE_MVTS_ARTICLES' skip 1 -
       LEFT   '=========================================================================' skip 0
SELECT	*
FROM	HISTORIQUE_MVTS_ARTICLES;

-- __________________________________________________________________________
-- 
-- Résultat généré:
--
--      Visualisation de la table HISTORIQUE_MVTS_ARTICLES
-- =========================================================================
-- __________________________________________________________________________

PROMPT
--Pause Tapez sur Enter...
PROMPT

PROMPT 
PROMPT =====================================================================
PROMPT |                                                                   |
PROMPT |      Historique des mouvements des articles                       |
PROMPT |                                                                   |
PROMPT =====================================================================
PROMPT
PROMPT

PROMPT =====================================================================
PROMPT Mise à jour dans la table ARTICLES pour effectuer les tests.
PROMPT =====================================================================
PROMPT
UPDATE	ARTICLES
SET	PVART = 35.00, PAART = 10.90, QSART = 12
WHERE	REFART = 'WD.012';

UPDATE	ARTICLES
SET	PVART = 50.00, PAART = 25.00, QSART = 10
WHERE	REFART = 'WD.012';

UPDATE	ARTICLES
SET	PVART = 25.00, PAART = 5.00, QSART = 52
WHERE	REFART = 'WD.012';

COMMIT;

PROMPT =====================================================================
PROMPT Visualisation de la table HISTORIQUE_MVTS_ARTICLES
PROMPT =====================================================================
PROMPT
TTITLE CENTER 'Visualisation de la table HISTORIQUE_MVTS_ARTICLES' skip 1 -
       LEFT   '=========================================================================' skip 0
SELECT	*
FROM	HISTORIQUE_MVTS_ARTICLES;

-- __________________________________________________________________________
-- 
-- Résultat généré:
--
--      Visualisation de la table HISTORIQUE_MVTS_ARTICLES
-- =========================================================================

-- __________________________________________________________________________

PROMPT =====================================================================
PROMPT Suppression et creation de la table comparaison_art
PROMPT Cette table va permettre de stocker les mouvements dans
PROMPT la table ARTICLES, pendant une période. Tout ça pour pouvoir ensuite
PROMPT étudier l impact de ces mouvements sur le chiffre d affaires durant
PROMPT la période considérée.
PROMPT =====================================================================
PROMPT
DROP TABLE COMPARAISON_ART;

CREATE TABLE COMPARAISON_ART
(
	REFART 		VARCHAR2(10), 
	PVART		NUMBER(10, 2),
	PAART		NUMBER(10, 2),
	QSART		NUMBER(3),
	DATE_DEBUT	INTEGER,
	DATE_FIN	INTEGER
);

PROMPT
--Pause Tapez sur Enter...
PROMPT

PROMPT =====================================================================
PROMPT Suppression et creation de la table comparaison_chiffre_affaires.
PROMPT Cette table va permettre de stocker les informations concernant
PROMPT le chiffre d affaires moyen des différents pays avant la période où
PROMPT l on a décidé de regarder l impact des mouvements effectués sur
PROMPT la table ARTICLES. De garder aussi le chiffre d affaires durant
PROMPT la période considérée. Et aussi, d inscrire la variation au niveau
PROMPT des chiffres d affaires.
PROMPT =====================================================================
PROMPT
DROP TABLE COMPARAISON_CHIFFRE_AFFAIRES;

CREATE TABLE COMPARAISON_CHIFFRE_AFFAIRES
(
	PAYS		VARCHAR2(20),
	DATE_DEBUT	INTEGER,
	DATE_FIN	INTEGER,
	CA_AVANT	NUMBER(10, 2),
	CA_APRES	NUMBER(10, 2),
	VARIATION	NUMBER(10, 2)
);

PROMPT
--Pause Tapez sur Enter...
PROMPT

PROMPT =====================================================================
PROMPT Creation de vue VUE_ART permettant de garder pour chaque article
PROMPT de la table ARTICLES son prix de vente moyen, son prix d achat moyen
PROMPT et sa quantité en stock moyen.
PROMPT =====================================================================
PROMPT
CREATE OR REPLACE VIEW VUE_ART (REFART, A_PVART, A_PAART, A_QSART) AS
(
	SELECT		DISTINCT REFART, AVG(PVART) as A_PVART, AVG(PAART) as A_PAART, AVG(QSART) as A_QSART
	FROM		ARTICLES
	GROUP BY 	REFART
);


PROMPT
--Pause Tapez sur Enter...
PROMPT

PROMPT =====================================================================
PROMPT Creation de vue VUE_MVTS_ART permettant de garder pour chaque article
PROMPT de la table HISTORIQUE_MVTS_ARTICLES son prix de vente moyen, son
PROMPT prix d achat moyen et sa quantité en stock moyen. 
PROMPT =====================================================================
PROMPT
CREATE OR REPLACE VIEW VUE_MVTS_ART (REFART, A_PVART, A_PAART, A_QSART) AS
(
	SELECT		DISTINCT REFART, AVG(PVART) as A_PVART, AVG(PAART) as A_PAART, AVG(QSART) as A_QSART
	FROM		HISTORIQUE_MVTS_ARTICLES
	WHERE		TYPEMVT = 'UPDATE'
	AND		EXTRACT(YEAR FROM DATMVT) BETWEEN 2006 AND 2007
	GROUP BY 	REFART
);


PROMPT
--Pause Tapez sur Enter...
PROMPT

PROMPT =====================================================================
PROMPT Creation de vue CHIFFRE_AFFAIRES_AVANT permettant de calculer le
PROMPT chiffre d affaires de chaque pays avant une période considérée.
PROMPT =====================================================================
PROMPT
CREATE OR REPLACE VIEW CHIFFRE_AFFAIRES_AVANT AS
(
	SELECT	cl.PAYSCLI, SUM((d.PUART*d.QTCOM) * (1-(d.REMISE/100))) as chiffre_affaire 
	FROM	DETAILCOM d, CLIENTS cl, COMMANDES c
	WHERE	d.NUMCOM  = c.NUMCOM
	AND	cl.CODCLI = c.CODCLI
	AND	EXTRACT(YEAR FROM c.DATCOM) < 2006
	GROUP BY cl.PAYSCLI
);

PROMPT
--Pause Tapez sur Enter...
PROMPT

PROMPT =====================================================================
PROMPT Creation de vue CHIFFRE_AFFAIRES_APRES permettant de calculer le
PROMPT chiffre d affaires de chaque pays durant la période considérée.
PROMPT =====================================================================
PROMPT
CREATE OR REPLACE VIEW CHIFFRE_AFFAIRES_APRES (PAYSCLI, CHIFFAFF, ) AS 
(
	SELECT	cl.PAYSCLI, SUM((d.PUART*d.QTCOM) * (1-(d.REMISE/100))) as chiffre_affaires 
	FROM	DETAILCOM d, CLIENTS cl, COMMANDES c
	WHERE	d.NUMCOM  = c.NUMCOM
	AND	cl.CODCLI = c.CODCLI
	AND	EXTRACT(YEAR FROM c.DATCOM) BETWEEN 2006 AND 2007
	GROUP BY cl.PAYSCLI
);

PROMPT
--Pause Tapez sur Enter...
PROMPT

PROMPT =====================================================================
PROMPT Creation de procedure MOYENNE_PRIX_ART permettant de calculer le prix
PROMPT moyen d achat et de vente, et la quantité moyenne en stock de chaque
PROMPT article. Et ensuite de calculer le chiffre d affaires avant et pendant
PROMPT une période considérée. Tout cela pour savoir si les mouvements
PROMPT effectués, durant une période considérée, sur la table ARTICLES ont
PROMPT apporté plus ou moins d argent.
PROMPT =====================================================================
PROMPT
CREATE OR REPLACE PROCEDURE MOYENNE_PRIX_ART IS
	CURSOR curseur IS 
		SELECT	DISTINCT REFART 
		FROM	VUE_MVTS_ART;

	CURSOR curseurBIS IS 
		SELECT	DISTINCT PAYSCLI 
		FROM	CLIENTS;

		
	V_REFART 	VARCHAR2(10); 
	V_PVART		NUMBER(10, 2);
	V_PAART		NUMBER(10, 2);
	V_QSART		NUMBER(3);
	V_CA_AVANT	NUMBER(10, 2);
	V_CA_APRES	NUMBER(10, 2);
	V_VARIATION	NUMBER(10, 2);
	V_PAYS		VARCHAR2(20);
		
	V1_PVART	NUMBER(10, 2);
	V1_PAART	NUMBER(10, 2);
	V1_QSART	NUMBER(3);
	
	V2_PVART	NUMBER(10, 2);
	V2_PAART	NUMBER(10, 2);
	V2_QSART	NUMBER(3);
BEGIN
	FOR c IN curseur LOOP
		SELECT	REFART, A_PVART, A_PAART, A_QSART INTO V_REFART, V1_PVART, V1_PAART, V1_QSART
		FROM	VUE_MVTS_ART
		WHERE	REFART = c.REFART;	
		
		SELECT	REFART, A_PVART, A_PAART, A_QSART INTO V_REFART, V2_PVART, V2_PAART, V2_QSART
		FROM	VUE_ART
		WHERE	REFART = c.REFART;	
		
		V_PVART := (V1_PVART + V2_PVART) /2;
		V_PAART := (V1_PAART + V2_PAART) /2;
		V_QSART := (V1_QSART + V2_QSART) /2;
	
		INSERT INTO COMPARAISON_ART
		VALUES (V_REFART, V_PVART, V_PAART, V_QSART, 2006, 2007);
		
	END LOOP;

	FOR cBIS IN curseurBIS LOOP
		SELECT	PAYSCLI, CHIFFRE_AFFAIRE INTO V_PAYS, V_CA_AVANT
		FROM	CHIFFRE_AFFAIRE_AVANT
		WHERE	PAYSCLI = cBIS.PAYSCLI;
			
		SELECT	PAYSCLI, CHIFFRE_AFFAIRE INTO V_PAYS, V_CA_APRES
		FROM	CHIFFRE_AFFAIRE_APRES
		WHERE	PAYSCLI = cBIS.PAYSCLI;
		
		V_VARIATION := V_CA_APRES - V_CA_AVANT;		
		
		INSERT INTO COMPARAISON_CHIFFRE_AFFAIRES
		VALUES (V_PAYS, 2006, 2007, V_CA_AVANT, V_CA_APRES, V_VARIATION); 
	END LOOP;
END;
/

PROMPT
--Pause Tapez sur Enter...
PROMPT

PROMPT =====================================================================
PROMPT Execution de procedure
PROMPT =====================================================================
PROMPT
EXECUTE MOYENNE_PRIX_ART;


PROMPT
--Pause Tapez sur Enter...
PROMPT

PROMPT =====================================================================
PROMPT Visualisation des tables COMPARAISON_ART et
PROMPT COMPARAISON_CHIFFRE_AFFAIRES
PROMPT =====================================================================
PROMPT
TTITLE CENTER 'Visualisation de la table COMPARAISON_ART' skip 1 -
       LEFT   '=========================================================================' skip 0
SELECT * FROM COMPARAISON_ART;

-- >>>>>>>>>>>>>>>>>>>>>>>>>> -- Résultat généré:
--
--    Visualisation de la table COMPARAISON_ART
-- ??

PROMPT
--Pause Tapez sur Enter...
PROMPT

TTITLE CENTER 'Visualisation de la table COMPARAISON_CHIFFRE_AFFAIRES' skip 1 -
       LEFT   '=========================================================================' skip 0
SELECT * FROM COMPARAISON_CHIFFRE_AFFAIRES;

-- >>>>>>>>>>>>>>>>>>>>>>>>>> -- Résultat généré:
--
--      Visualisation de la table COMPARAISON_CHIFFRE_AFFAIRE
--??

PROMPT
--Pause Tapez sur Enter...
PROMPT

--======================================================================================
--======================================================================================
--======================================================================================
--======================================================================================
--======================================================================================
--======================================================================================


PROMPT =====================================================================
PROMPT >> Requete  : Articles toujours commandés ensemble
PROMPT =====================================================================
PROMPT
TTITLE CENTER 'Requete: les articles qui sont toujours commandés ensemble' skip 1 -
       LEFT   '=========================================================================' skip 0

-- >>>>>>>>>>>>>>>>>>>>>>>>>> -- Résultat généré:
-- Le(s) les articles qui sont toujours commandés ensemble sont :
--??
	
-- FB FB FB FB FB FB A compléter

-- >>>>>>>>>>>>>>>>>>>>>>>>>> -- Résultat généré:
-- Le(s) les articles qui sont toujours commandés ensemble sont :
--??

-- FB FB FB FB FB FB A compléter
--


-- ************************************************************************************************ 
-- ************************************************************************************************ 
-- ************************************************************************************************ 
-- ************************************************************************************************ 
-- ************************************************************************************************ 
-- **********    Historique des mouvements des clients                             **************** 
-- ************************************************************************************************
-- ************************************************************************************************ 
-- ************************************************************************************************ 
-- ************************************************************************************************ 
-- ************************************************************************************************ 

-- Manipulations pour vérifier les TRIGGERS des lignes dans les tables ============================
-- Table des Clients

	
-- FB FB FB FB FB FB A compléter

--=================================================================================================
--=================================================================================================
--=================================================================================================
--=================================================================================================

--=================================================================================================
--=================================================================================================
--=================================================================================================
--= Manipulation intelligente des données : Dépendances Fonctionnelles   =============== DEBUT ====
--=================================================================================================
--=================================================================================================
--=================================================================================================
--=================================================================================================
-- MFB FFF +++

/*

Requêtes Ji (PL/SQL Procédures-Fonctions ; pour vérifier la Cohérence globale des données ;
>>>>>>>>>>>>>> Qualité des données

Développez une procédure PL/SQL qui permet de vérifier certaines dépendances fonctionnelles dans la table des clients !

-- ????????????      FB FB FB FB FB FB A compléter ??????????????
*/

DROP TABLE VILPAYSDF ;

CREATE TABLE VILPAYSDF (COL1 VARCHAR2(20), COL2 VARCHAR2(20));

INSERT INTO VILPAYSDF VALUES ('EPINAY-SUR-SEINE', 'FRANCE');
INSERT INTO VILPAYSDF VALUES ('PARIS', 'FRANCE');
INSERT INTO VILPAYSDF VALUES ('VILLETANEUSE', 'FRANCE');
INSERT INTO VILPAYSDF VALUES ('EPINAY-SUR-SEINE', '');
INSERT INTO VILPAYSDF VALUES ('EPINAY SUR SEINE', 'FRANCE');
INSERT INTO VILPAYSDF VALUES ('PARIS', 'FRANCE');
INSERT INTO VILPAYSDF VALUES ('PARIS', '');
INSERT INTO VILPAYSDF VALUES ('PARIS', 'FRANCE');
INSERT INTO VILPAYSDF VALUES ('MARSEILLE', 'FRANCE');
INSERT INTO VILPAYSDF VALUES ('ORLY-VILLE', 'FRANCE');
INSERT INTO VILPAYSDF VALUES ('MARSEILLE', 'FRANC');
INSERT INTO VILPAYSDF VALUES ('PARYS', 'FR');
INSERT INTO VILPAYSDF VALUES ('EPINAY-SUR-SEINE', 'FRANCE');
INSERT INTO VILPAYSDF VALUES ('PARIS', 'france');
INSERT INTO VILPAYSDF VALUES ('Bruxelles', 'Belgique');
COMMIT;

REM VISUALISATION DES DONNEES
SELECT * FROM VILPAYSDF;

REM HOMOGENEISATION DES DONNEES : TOUT EN MAJUSCULE
UPDATE VILPAYSDF SET COL1 = UPPER(COL1);
UPDATE VILPAYSDF SET COL2 = UPPER(COL2);
COMMIT;

SELECT * FROM VILPAYSDF;

-- Algorithme pour vérifier la DF entre 2 colonnes :
CREATE OR REPLACE VIEW LISTAVERIFIER_VP (VILLE, PAYS) AS
SELECT DISTINCT * FROM VILPAYSDF;

SELECT * FROM LISTAVERIFIER_VP ;

CREATE OR REPLACE VIEW VERIFDF_VP (VILLE, NBR) AS
SELECT VILLE, COUNT(*) AS NBR FROM LISTAVERIFIER_VP GROUP BY VILLE ORDER BY VILLE;
SELECT * FROM VERIFDF_VP ;

SELECT MAX(NBR) AS MAXOCCUR FROM VERIFDF_VP;
-- REM Si MAXOCCUR > 1 Alors la DF n'est pas vérifiée !

--=================================================================================================
--=================================================================================================
--=================================================================================================
--= Manipulation intelligente des données : Dépendances Fonctionnelles   =============== FIN ======
--=================================================================================================
--=================================================================================================
--=================================================================================================
--=================================================================================================

--======================================================================================
--======================================================================================
--======================================================================================
--======================================================================================
--======================================================================================
--======================================================================================
-- MFB FFF +++++++++++++++++++++++++++++++++++++++++++



--=================================================================================================
--=================================================================================================
--=================================================================================================

-- Exemple de procédures PL/SQL dynamique 
-- Idem pour les fonctions à quelques exceptions près (CREATE ...)
SET SERVEROUTPUT ON

CREATE OR REPLACE PROCEDURE NBRLIGTAB (NOMTAB VARCHAR) IS
Requete VARCHAR(200);
N NUMBER;
-- NBRLIGTAB Compte le nombre de lignes dans une table
BEGIN
  NOMTAB:=UPPER(NOMTAB);
  Requete := 'SELECT COUNT(*) FROM ' || NOMTAB ; -- Pas de ; dans Requete
  EXECUTE IMMEDIATE Requete INTO N;
  DBMS_OUTPUT.put_line(N);
END;
/
EXEC NBRLIGTAB('TABCLIDS');
EXEC NBRLIGTAB('Clients');

CREATE OR REPLACE PROCEDURE NBRNULLTABCOL (NOMTAB VARCHAR, NOMCOL VARCHAR) IS
Requete VARCHAR(200);
N NUMBER;
-- NBRNULLTABCOL Compte le nombre de valeurs nulles dans une colonne dans une table
BEGIN
  NOMTAB:=UPPER(NOMTAB);
  NOMCOL:=UPPER(NOMCOL);
  Requete := 'SELECT COUNT(*) FROM ' || NOMTAB || ' WHERE ' || NOMCOL || ' IS NULL';
  EXECUTE IMMEDIATE Requete INTO N;
  DBMS_OUTPUT.put_line(N);
END;
/
EXEC NBRNULLTABCOL('Clients','telcli');

--=================================================================================================


--=================================================================================================
--=================================================================================================
--=================================================================================================
--= Manipulation intelligente des données : Elimination des doubles et des similaires   === DEBUT =
--=================================================================================================
--=================================================================================================
--=================================================================================================
--=================================================================================================
-- MFB FFF +++

/*

Requêtes Ji (PL/SQL Procédures-Fonctions ; pour vérifier la Cohérence globale des données ;
>>>>>>>>>>>>>> Qualité des données

Développez une procédure PL/SQL qui permet d’éliminer les doubles dans la table des clients !

-- ????????????      FB FB FB FB FB FB A compléter ??????????????

*/

/*
Entre parenthèses hihi haha FFF ! (...)

Etant donné la table TABCLIDS suivante :
Elle est issue des tables de la BD GesComI... 
Faire les requêtes ci-dessous : 
Eliminer les doubles et les similaires !
*/

DROP TABLE TABCLIDS ;

CREATE TABLE TABCLIDS (COL1 VARCHAR2(10), COL2 VARCHAR2(12), COL3 VARCHAR2(10), COL4 VARCHAR2(10), COL5 VARCHAR2(1));

INSERT INTO TABCLIDS VALUES ('2994570', 'Madame', 'RAHMA', 'CLEMENCE', '3');
INSERT INTO TABCLIDS VALUES ('2996100', 'Monsieur', 'CLEMENCE', 'ALEXANDRE', '1');
INSERT INTO TABCLIDS VALUES ('3000107', 'MO NSIEUR', 'ONRI', 'PANDA', '2');
INSERT INTO TABCLIDS VALUES ('2997777', 'Mademoiselle', 'LE BON', 'CLEMENTINE', '1');
INSERT INTO TABCLIDS VALUES ('299PPPP', 'Mlle', 'BON', 'CLEMENTINE', '1');
INSERT INTO TABCLIDS VALUES ('2997007', 'Monsieur', 'TRAIFOR', 'ADAM', '2');
INSERT INTO TABCLIDS VALUES ('2998500', 'Monsieur', 'CHEVALIER', 'INES', '1');
INSERT INTO TABCLIDS VALUES ('3000106', 'Monsieur', 'HARISSA', 'FORD', '1');
INSERT INTO TABCLIDS VALUES ('3000108', 'Madame', 'EDITE', 'FIAT', '1');
INSERT INTO TABCLIDS VALUES ('3000109', 'Madame', 'TOYOTA', 'JACKSON', '3');
INSERT INTO TABCLIDS VALUES ('3000111', 'Madame', 'GENEREUX', 'EVE', '1');
INSERT INTO TABCLIDS VALUES ('3001778', 'Mr', 'COURTOIS', 'Bruno', '1');
INSERT INTO TABCLIDS VALUES ('3001779', 'Monsieur', 'VANDERHOTE', 'Ivan', '1');
INSERT INTO TABCLIDS VALUES ('3001780', 'Monsieur', 'Hollanda', 'Francis', '1');
INSERT INTO TABCLIDS VALUES ('3001781', 'Monsieur', 'Bernard', 'Hugues', '1');
INSERT INTO TABCLIDS VALUES ('3001782', 'Monsieur', 'LATIFOU', 'Ilyas', '1');
INSERT INTO TABCLIDS VALUES ('3001783', 'Madame', 'LALLEMAND', 'Ines', '1');
INSERT INTO TABCLIDS VALUES ('3001784', 'Monsieur', 'DEUTCH', 'Hans', '1');
INSERT INTO TABCLIDS VALUES ('3001785', 'Madame', 'ALMANI', 'Eve', '1');
INSERT INTO TABCLIDS VALUES ('3001786', 'Madame', 'MERQUELLE', 'Ange', '1');
INSERT INTO TABCLIDS VALUES ('3001', 'M.', 'LE BON', 'Adam', '1');
INSERT INTO TABCLIDS VALUES ('3001777', 'Mr', 'LE BON', 'Adem', '1');
INSERT INTO TABCLIDS VALUES ('3001777', 'Monsieur', 'LE BON', 'Adam', '1');
INSERT INTO TABCLIDS VALUES ('2998505', 'Mademoiselle', 'TRAIFOR', 'ALICE', '2');
INSERT INTO TABCLIDS VALUES ('3000110', 'MADAME', 'ONRI', 'HONDA', '2');
INSERT INTO TABCLIDS VALUES ('3001777', 'Monsieur', 'LE BON', 'Adam', '1');
INSERT INTO TABCLIDS VALUES ('3001777', 'Monsieur', 'LE BON', 'Adam', '1');
INSERT INTO TABCLIDS VALUES ('3001777', 'Monsieur', 'LE BON', 'Adam', '');
INSERT INTO TABCLIDS VALUES ('3001777', 'Monsieur', 'LE BON', 'Adam', '1');
INSERT INTO TABCLIDS VALUES ('3001777', 'Monsieùr', 'LE BON', 'Adam', '1');
INSERT INTO TABCLIDS VALUES ('2994570', 'Madame', 'RAHMA', 'CLEMENCE', '3');
INSERT INTO TABCLIDS VALUES ('2994570', 'Madame', 'RAHMA', 'CLEMENCE', '3');
INSERT INTO TABCLIDS VALUES ('2994570', 'Madame', 'RAHMA', 'CLEMENSE', '3');
INSERT INTO TABCLIDS VALUES ('2997007', '', 'TRAIFOR', 'ADAM', '2');
INSERT INTO TABCLIDS VALUES ('2997007', '', 'TRAIFOR', 'ADAM', '');
COMMIT; 

--======================================================================================

REM VISUALISATION DES DONNEES
SELECT COUNT(*) AS NbrCli FROM TABCLIDS;
SELECT * FROM TABCLIDS;

REM ??? Que font les commandes SQL ci-dessous ?
SELECT COUNT(DISTINCT *) FROM TABCLIDS ;
SELECT DISTINCT * FROM TABCLIDS ;

-- ????????????      FB FB FB FB FB FB A compléter ??????????????
-- A VOUS ! -- BON COURAGE -- MFB
-- ????????????      FB FB FB FB FB FB A compléter ??????????????

rem *************************************************************************************
rem *************************************************************************************
rem 
rem *******************  Elimination des doubles exacts  ********************************
rem 
rem *************************************************************************************
rem procedure d élimination des doubles exacts sur plusieurs attributs 

CREATE OR REPLACE PROCEDURE elimine_double(tabdep VARCHAR2, tabarr VARCHAR2, atts VARCHAR2)
IS

requete VARCHAR2(500);
debut NUMBER;
fin NUMBER;

BEGIN
--requete := 'DROP TABLE ' || tabarr ;
--EXECUTE IMMEDIATE requete;
requete := 'CREATE TABLE ' || tabarr || ' AS SELECT DISTINCT * FROM ' || tabdep || ' ORDER BY ' || atts ;
requete := 'CREATE TABLE ' || tabarr || ' AS SELECT DISTINCT * FROM ' || tabdep ;
debut:=dbms_utility.get_time;
EXECUTE IMMEDIATE requete;
fin:=dbms_utility.get_time;
dbms_output.put_line((fin-debut)/100);
END;
/


--======================================================================================
--======================================================================================
--======================================================================================
--======================================================================================

-- Beaucoup d'autres BIG PROBLEM se posent : 
-- Les performances ! Le temps de réponse sur les gros volumes de données les BIG DATA !

-- Beaucoup d'autres BIG PROBLEM se posent : 
-- Le choix des attributs clés qui servent pour l'élimination (le MATCH) !

-- Beaucoup d'autres BIG PROBLEM se posent : 
-- Que faire des attributs NON clés qui ne servent pour l'élimination (le MERGE) !

-- ======================================================
-- ======================================================
REM -- Elimination des doubles et des similaires
REM -- Matching, Merging, and Deduplication
-- ======================================================
-- ======================================================
REM -- Professeur : Mr M. F. Boufarès
REM -- Big Data, Bases de Données Avancées, Entrepôts de données
-- ======================================================
/*
-- Algo Data Deduplication + (DD+) [M. F. Boufarès Octobre 2018]


The DD + agorithm consists in splitting the data source into several blocks.
Then sort and clean each block independently of the others.
Finally, merge the blocks to perform deduplication.
This logic corresponds perfectly to the BigData MapReduce paradigm.
In addition, two functions should be developed which are the basis of all comparisons of similar VALUES:
- Match to compare the rows between them on the designated columns (double exact or similar),
- Merge to eliminate exact doubles or merge similar.
Intelligent processing should be done to designate the columns that are used for deduplication.



Algorithm DD+
Input : 
F : a set of rows/lines, the data source with anomalies
K : a set of columns that serve for deduplication (Key attributes)
Output :
FPrim : a final set of rows, the result of data deduplication process
FInter : a set of rows for intermediate results

Begin
N = Number of initial tuples in F
M = Memory size (M is much smaller than N)
B = Number of blocks B=[N/M] ent-sup

Example : 
The file F contains 8 VALUES ; N=8
F = d, b, a, b, a, c, a, b
The memory size is M=3 
The the number of Blocks is B=3

-- Cutting FROM F to B blocks
CreateSortedBlocks(F,N,M,B,K);

3 Files/Blocks are created (F1, F2 and F3)
F1 = a, b, d
F2 = a, b, c
F3 = a, b

-- Merge sorted blocks to build the final result
MergeSortedBlocks(B,FInter,FPrim);
END Algorithm DD+

----------------
Procedure CreateSortedBlocks
BEGIN

END;

----------------
Procedure MinimumValue
BEGIN

END;

----------------
Procedure MergeSortedBlocks
BEGIN
 
END;

Etc...

*/

--=================================================================================================
--=================================================================================================
--=================================================================================================
--= Manipulation intelligente des données : Elimination des doubles et des similaires   ==== FIN ==
--=================================================================================================
--=================================================================================================
--=================================================================================================
--=================================================================================================
-- MFB FFF +++




--=================================================================================================
--=================================================================================================
--=================================================================================================
--= Manipulation intelligente des données : Qu'est-ce un système de recommandation  ====== DEBUT ==
--=================================================================================================
--=================================================================================================
--=================================================================================================
--=================================================================================================
-- MFB FFF +++

/*
FB6.1. Construisez la vue « Vi » qui contient les articles commandés par un client donné « Ci »
(pour une période donnée, exemple septembre 2018).
Généralisez dans une procédure PL/SQL !
*/



/*
FB6.2. Construisez la vue « Vij » qui contient les articles commandés à la fois 
par les deux clients « Ci » et « Cj ».
On pourrait considérer que les deux clients « Ci » et « Cj » sont « amis-voisins » 
si et seulement si la vue « Vij » est non vide (ou 90%)!
On pourra généraliser pour l'ensemble des amis de « Ci » (Clustering...!)

On pourrait alors recommander ou proposer à l'un des deux clients, soit « Cj », 
les articles de « Ci » -son ami- qu'il n'a pas commandés !

On pourrait aussi recommander ou proposer à l'un des deux clients, soit « Cj », 
les articles de « Ci » -son ami- qu'il n'a pas commandés + 
mais qui doivent appartenir à la même catégorie !

Discussions & Généralisation !

*/


-- ????????????      FB FB FB FB FB FB A compléter ??????????????

--====================  Le début d'un système de recommandation  ==================================
--====================  Classification des clients selon les articles commandés ===================

-- Les articles commandés par les clients !
-- On pourrait ne s'intéresser qu'à certains clients et certains articles
-- (c-a-d : Certains CODCLI des clients ; Certains REFART des articles...)

-- On pourrait ne s'intéresser qu'à certaines commandes
-- (c-a-d : Certains NUMCOM des commandes...)
-- Les articles commandés pendant la période concernée (SEP 2018).

CREATE OR REPLACE VIEW V_CLIARTQTE (CLIENT, ARTICLE, QUANTITE) AS
SELECT K.CODCLI, D.REFART, SUM(D.QTCOM) FROM COMMANDES K, DETAILCOM D
WHERE K.NUMCOM = D.NUMCOM
AND K.DATCOM >= 'SATURDAY 01-SEPTEMBER-2018' 
AND K.DATCOM <= 'SUNDAY 30-SEPTEMBER-2018'
GROUP BY K.CODCLI, D.REFART
ORDER BY 1, 2;

SELECT * FROM V_CLIARTQTE ;

-- Pour tout client Ci AYANT SATISFAIT certains critères !
--Les articles commandés par le client C001.
CREATE OR REPLACE VIEW V_C001 AS
SELECT * FROM V_CLIARTQTE
WHERE CLIENT = 'C001';

--Les articles commandés par le client C002.
CREATE OR REPLACE VIEW V_C002 AS
SELECT * FROM V_CLIARTQTE
WHERE CLIENT = 'C002';

--Les articles commandés par le client C003.
CREATE OR REPLACE VIEW V_C003 AS
SELECT * FROM V_CLIARTQTE
WHERE CLIENT = 'C003';

-- Etc...

--Les articles commandés par le client C006.
CREATE OR REPLACE VIEW V_C006 AS
SELECT * FROM V_CLIARTQTE
WHERE CLIENT = 'C006';

-- Etc...

-- Les articles commandés, à la fois, par les clients C001 et C002.
-- 1ère Solution : Les articles commandés, à la fois, par les clients C001 et C002.
CREATE OR REPLACE VIEW V_C001_C002_A (ARTICLE) AS
SELECT ARTICLE FROM V_C001
INTERSECT
SELECT ARTICLE FROM V_C002;
SELECT * FROM V_C001_C002_A;

CREATE OR REPLACE VIEW V_C001_C002_A (ARTICLE) AS
SELECT ARTICLE FROM V_C001
WHERE ARTICLE IN (SELECT ARTICLE FROM V_C002);
SELECT * FROM V_C001_C002_A;

-- Les articles commandés, à la fois, par les clients C001 et C002.
-- 2ème Solution : Les articles commandés, à la fois, par les clients C001 et C002.
CREATE OR REPLACE VIEW V_C001_C002_B (CLIG, ARTG, QTEG, CLID, ARTD, QTED) AS
SELECT X.CLIENT, X.ARTICLE, X.QUANTITE, Y.CLIENT, Y.ARTICLE, Y.QUANTITE
FROM V_C001 X, V_C002 Y
WHERE X.ARTICLE = Y.ARTICLE ;
-- Remarque : Que faut-il faire pour les articles qui sont commandés par l'un mais pas par l'autre?

-- Les articles commandés, à la fois, par les clients C001 et C003.
-- 2ème Solution : Les articles commandés, à la fois, par les clients C001 et C003.
CREATE OR REPLACE VIEW V_C001_C003_B (CLIG, ARTG, QTEG, CLID, ARTD, QTED) AS
SELECT X.CLIENT, X.ARTICLE, X.QUANTITE, Y.CLIENT, Y.ARTICLE, Y.QUANTITE
FROM V_C001 X, V_C002 Y
WHERE X.ARTICLE = Y.ARTICLE ;
-- Remarque : Que faut-il faire pour les articles qui sont commandés par l'un mais pas par l'autre?


-- Le nombre d''articles communs à C001 et C002
SELECT COUNT(*) AS NCOMM1 FROM V_C001_C002_B;

-- Si NCOMM1 > n Alors C001 et C002 sont "amis" font partie de la même classe-(groupe-cluster)
-- Comment calculer n ?
-- n pourrait-être égal à p% du max des cardinalités des vues !




-- On recommande (on propose) alors à C002 les articles de C001 qu''il n''a pas commandés :
SELECT ARTICLE FROM V_C001
MINUS
SELECT ARTICLE FROM V_C002;
-- On recommande (on propose) alors à C001 les articles de C002 qu''il n''a pas commandés :
SELECT ARTICLE FROM V_C002
MINUS
SELECT ARTICLE FROM V_C001;

-- ????????????      FB FB FB FB FB FB A compléter ??????????????



--=================================================================================================
--=================================================================================================
--=================================================================================================
--= Manipulation intelligente des données : Qu'est-ce un système de recommandation  ====== FIN ====
--=================================================================================================
--=================================================================================================
--=================================================================================================
--=================================================================================================

--======================================================================================
--======================================================================================
--======================================================================================
--======================================================================================
--======================================================================================
--======================================================================================
-- MFB FFF +++++++++++++++++++++++++++++++++++++++++++ ****** === ****** +++++++++++++++
--======================================================================================
--======================================================================================
--======================================================================================

/*
    CREATION DUN SYSTEME DE RECOMMANDATION BASE SUR LES ARTICLES COMMANDES EN COMMUN
*/
CREATE OR REPLACE VIEW CombinaisonClient(Client1, Client2) as select A.codCli, B.codCli from clients A, clients B where A.codCli < B.codCli;

CREATE OR REPLACE PROCEDURE vueArticleDuClient(codeClient IN VARCHAR, dateDebut IN VARCHAR, dateFin IN VARCHAR)
as
    req VARCHAR(2000) := '';
BEGIN
    req := 'CREATE OR REPLACE VIEW V_' || codeClient || '(CLIENT, ARTICLE, QUANTITE) AS SELECT K.CODCLI, D.REFART, SUM(D.QTCOM) FROM COMMANDES K, DETAILCOM D WHERE K.NUMCOM = D.NUMCOM AND K.DATCOM >= ''' || dateDebut || ''' AND K.DATCOM <= ''' || dateFin || ''' AND K.CODCLI = ''' || codeClient || ''' GROUP BY K.CODCLI, D.REFART ORDER BY 1, 2';
    EXECUTE IMMEDIATE req;
END;
/

CREATE OR REPLACE PROCEDURE vueArticleDesClients(codeClient1 IN VARCHAR, dateDebut1 IN VARCHAR, dateFin1 IN VARCHAR, codeClient2 IN VARCHAR, dateDebut2 IN VARCHAR, dateFin2 IN VARCHAR)
as
    req VARCHAR(2000) := '';
BEGIN
    vueArticleDuClient(codeClient1,dateDebut1,dateFin1);
    vueArticleDuClient(codeClient2,dateDebut2,dateFin2);
    req := 'CREATE OR REPLACE VIEW V_'||codeClient1||'_'||codeClient2||'_A (ARTICLE) AS SELECT ARTICLE FROM V_'||codeClient1||' INTERSECT SELECT ARTICLE FROM V_'||codeClient2;
    EXECUTE IMMEDIATE req;
END;
/

CREATE OR REPLACE PROCEDURE vueArticleNonDesClients(codeClient1 IN VARCHAR, dateDebut1 IN VARCHAR, dateFin1 IN VARCHAR, codeClient2 IN VARCHAR, dateDebut2 IN VARCHAR, dateFin2 IN VARCHAR)
as
    req VARCHAR(2000) := '';
BEGIN
    vueArticleDuClient(codeClient1,dateDebut1,dateFin1);
    vueArticleDuClient(codeClient2,dateDebut2,dateFin2);
    req := 'CREATE OR REPLACE VIEW V_Non_'||codeClient1||'_'||codeClient2||'_A (ARTICLE) AS SELECT ARTICLE FROM V_'||codeClient1||' MINUS SELECT ARTICLE FROM V_'||codeClient2;
    EXECUTE IMMEDIATE req;
    req := 'CREATE OR REPLACE VIEW V_Non_'||codeClient2||'_'||codeClient1||'_A (ARTICLE) AS SELECT ARTICLE FROM V_'||codeClient2||' MINUS SELECT ARTICLE FROM V_'||codeClient1;
    EXECUTE IMMEDIATE req;
END;
/

exec vueArticleNonDesClients('C001', 'SATURDAY 01-SEPTEMBER-2018' ,'SUNDAY 30-SEPTEMBER-2018', 'C003', 'SATURDAY 01-SEPTEMBER-2018' ,'SUNDAY 30-SEPTEMBER-2018');
select * from V_NON_C001_C003_A;
select * from V_NON_C003_C001_A;

CREATE OR REPLACE FUNCTION getNbArtCm(c1 IN VARCHAR, c2 IN VARCHAR)
RETURN NUMBER AS
    nbArtCm NUMBER := 0;
BEGIN
    EXECUTE IMMEDIATE 'SELECT COUNT(*) FROM V_' || c1 || '_' || c2 || '_A'
    INTO nbArtCm;
    RETURN nbArtCm;
END;
/

DROP TABLE totalArticleCommun;
CREATE TABLE totalArticleCommun(client1 VARCHAR(30), client2 VARCHAR(30), nbArtCm NUMBER);
DROP TABLE articleARecomder;
CREATE TABLE articleARecomder(client1 VARCHAR(30), client2 VARCHAR(30), article VARCHAR(30));


CREATE OR REPLACE PROCEDURE propositionArticle(codeClient1 IN VARCHAR, codeClient2 IN VARCHAR,dateDebut IN VARCHAR, dateFin IN VARCHAR)
IS
    Type curseurType IS REF CURSOR;
    monCurseur curseurType;
    requete VARCHAR(2000);
    v_Article VARCHAR(55);
BEGIN
    vueArticleNonDesClients(codeClient1, dateDebut, dateFin, codeClient2, dateDebut, dateFin);
    requete := 'SELECT article FROM V_Non_' || codeClient1 || '_' || codeClient2 || '_A';
    OPEN monCurseur FOR requete;
        LOOP
            FETCH monCurseur INTO v_Article;
            EXECUTE IMMEDIATE 'INSERT INTO articleARecomder values ('''||codeClient1||''','''||codeClient2||''',''' ||v_Article|| ''')';
            EXIT WHEN monCurseur%NOTFOUND;
        END LOOP;
    CLOSE monCurseur;
    
    requete := 'SELECT article FROM V_Non_' || codeClient2 || '_' || codeClient1 || '_A';
    OPEN monCurseur FOR requete;
        LOOP
            FETCH monCurseur INTO v_Article;
            EXECUTE IMMEDIATE 'INSERT INTO articleARecomder values ('''||codeClient2||''','''||codeClient1||''',''' ||v_Article|| ''')';
            EXIT WHEN monCurseur%NOTFOUND;
        END LOOP;
    CLOSE monCurseur;
END;
/

CREATE OR REPLACE PROCEDURE systemeRecommandation(pourcentageAmi IN NUMBER, dateDebut IN VARCHAR, dateFin IN VARCHAR)
as
    req VARCHAR(2000) := '';
    reqIn VARCHAR(2000) := '';
    nbArticle NUMBER := 0;
BEGIN
    -- Suppresion et Création de la table qui va contenir les articles qu'on les clients en commun
    EXECUTE IMMEDIATE 'DROP TABLE totalArticleCommun';
    EXECUTE IMMEDIATE 'CREATE TABLE totalArticleCommun(client1 VARCHAR(30), client2 VARCHAR(30), nbArtCm NUMBER)';
    -- Parcours sur tous les clients pour creer une vue Vij avec i et j des clients différents
    FOR mesClients in (SELECT * FROM combinaisonClient) LOOP
        vueArticleDesClients(''||mesClients.client1||'', dateDebut, dateFin, ''||mesClients.client2||'', dateDebut, dateFin);
        req := 'SELECT COUNT(*) FROM V_' || mesClients.client1 || '_' || mesClients.client2 || '_A';
        EXECUTE IMMEDIATE req
        INTO nbArticle;
        reqIn := 'INSERT INTO totalArticleCommun values (''' || mesClients.client1 || ''', ''' || mesClients.client2 || ''', ' || nbArticle || ')';
        EXECUTE IMMEDIATE reqIn;
    END LOOP;
    -- On cree une vue avec les clietns et le nombre d'article en commun
    EXECUTE IMMEDIATE 'CREATE OR REPLACE VIEW V_NBArtCm (client1, client2, nbArtCm) as (select client1, client2, (select getNbArtCm(client1, client2) from dual) from CombinaisonClient)';
    -- Et pour finir on creer une vue qui est composé que des clients qui possède un nombre d'article supérieur au seuil définir.
    -- Ces clients sont considérer comme Ami
    EXECUTE IMMEDIATE 'CREATE OR REPLACE VIEW V_RcmdAmi (client1, client2) as select client1, client2 from (select client1, client2, nbArtCm from V_NBArtCm group by client1, client2, nbArtCm having nbArtCm >=   (select FLOOR(max(nbArtCm) * ' || pourcentageAmi || ' / 100) from V_NBArtCm)) order by client1, client2';
    -- Maintenant qu'on a une table contenant tous les amis il faut recommander tous les articles du client C1 au client C2 et inversement
    -- On utilise la procedure vueArticleNonDesClients
    -- Suppresion et creation de la table qui va contenir le client 1 qui va recommander au client 2 l'article X
    execute immediate 'DROP TABLE articleARecomder';
    execute immediate 'CREATE TABLE articleARecomder(client1 VARCHAR(30), client2 VARCHAR(30), article VARCHAR(30))';
    -- Pour tous clients considérés comme ami nous allons recommander les articles de sont client ami
    FOR mesClients IN (SELECT * FROM V_RcmdAmi) LOOP
        propositionArticle(mesClients.client1, mesClients.client2, dateDebut, dateFin);
    END LOOP;
    -- Pour finir on creee la vue qui ne contient que les clients et les articles qu'on souhaite leur recommander
    -- Cette étape n'est pas obligatiore mais elle nous permet de supprimer les doublons au niveau des recommandations
    -- De ce fait, un client aura une seule fois un article recommandé
    EXECUTE IMMEDIATE 'CREATE OR REPLACE VIEW V_ListArtARecom(client, article)  AS SELECT DISTINCT client2, article FROM articleARecomder WHERE ARTICLE IS NOT NULL ORDER BY client2, article';
END;
/



exec systemeRecommandationAvance(categorieClient=>'toto', categorieArticle=>'toto', toto=>'on est');


exec systemeRecommandation(80, 'SATURDAY 01-SEPTEMBER-2018' ,'SUNDAY 30-SEPTEMBER-2018');
select * from V_ListArtARecom;


COMMIT;	   
SET TIMING OFF;
SPOOL OFF;







CREATE OR REPLACE PROCEDURE initSysRecomnAvance
AS
BEGIN
  DBMS_OUTPUT.PUT_LINE('Suppression des tables CategorieClient et CategorieArticle');
  EXECUTE IMMEDIATE 'DROP TABLE CategorieClient';
  EXECUTE IMMEDIATE 'DROP TABLE CategorieArticle';
  DBMS_OUTPUT.PUT_LINE('Creation des tables CategorieClient et CategorieArticle');
  EXECUTE IMMEDIATE 'CREATE TABLE CategorieClient(categorie VARCHAR(30), requete VARCHAR(255))';
  EXECUTE IMMEDIATE 'CREATE TABLE CategorieArticle(categorie VARCHAR(30), requete VARCHAR(255))';
  EXECUTE IMMEDIATE 'CREATE OR REPLACE VIEW V_ARTICLE_COMMANDE AS SELECT * FROM detailcom NATURAL JOIN commandes';
  --EXECUTE IMMEDIATE 'CREATE TABLE StoreClientView(nomVue VARCHAR(255), client1 VARCHAR(50), client2 VARCHAR(50), dateRecommandation DATE)';
  INSERT INTO CategorieClient VALUES ('V_CAT_CLI_', 'CREATE OR REPLACE VIEW V_CAT_CLI_TEMPLATE_NAME(client1, client2) AS SELECT C1.codcli, C2.codcli FROM clients C1, clients C2 WHERE C1.codcli < C2.codcli TEMPLATE_COND');
  INSERT INTO CategorieArticle VALUES ('V_CAT_ART_', 'CREATE OR REPLACE VIEW V_CAT_ART_TEMPLATE_NAME(article, client) AS SELECT refart, codCli FROM V_ARTICLE_COMMANDE TEMPLATE_COND');
  EXECUTE IMMEDIATE 'CREATE OR REPLACE VIEW V_ARTICLE_COMMANDE AS SELECT * FROM detailcom NATURAL JOIN commandes';
  DBMS_OUTPUT.PUT_LINE('Systeme de recommandation avancée initialisé');
END;
/

CREATE OR REPLACE FUNCTION getNbArtCmAv(c1 IN VARCHAR, c2 IN VARCHAR, listeArticle IN VARCHAR)
RETURN NUMBER AS
  nbArticle NUMBER;
BEGIN
  EXECUTE IMMEDIATE 'select count(*) from (select article from ' || listeArticle || ' where client = ''' || c1 || ''' INTERSECT select article from ' || listeArticle || ' where client =''' || c2 || ''')'
  INTO nbArticle;
  RETURN nbArticle;
END;
/

CREATE OR REPLACE PROCEDURE creationCategorieClient(nomCategorieClient IN VARCHAR DEFAULT NULL, conditionCategorieClient IN VARCHAR DEFAULT NULL)
AS
  catExiste NUMBER;
BEGIN
  SELECT COUNT(*) INTO catExiste FROM CATEGORIECLIENT WHERE categorie = 'V_CAT_CLI_' || nomCategorieClient;
  IF catExiste != 0 THEN
    RETURN;
  END IF ;
  IF nomCategorieClient IS NULL THEN
    FOR nvCatClient IN (SELECT * FROM CATEGORIECLIENT where categorie = 'V_CAT_CLI_') LOOP
      EXECUTE IMMEDIATE REPLACE(REPLACE(nvCatClient.requete, 'TEMPLATE_NAME', nomCategorieClient), 'TEMPLATE_COND', conditionCategorieClient);
      RETURN;
    END LOOP;
  ELSE
    FOR nvCatClient IN (SELECT * FROM CATEGORIECLIENT where categorie = 'V_CAT_CLI_') LOOP
      EXECUTE IMMEDIATE REPLACE(REPLACE(nvCatClient.requete, 'TEMPLATE_NAME', nomCategorieClient), 'TEMPLATE_COND', conditionCategorieClient);
      INSERT INTO CategorieClient VALUES ('V_CAT_CLI_' || nomCategorieClient , REPLACE(REPLACE(nvCatClient.requete, 'TEMPLATE_NAME', nomCategorieClient), 'TEMPLATE_COND', conditionCategorieClient));
      RETURN;
    END LOOP;
  END IF;
END;
/


CREATE OR REPLACE PROCEDURE creationCategorieArticle(nomCategorieArticle IN VARCHAR DEFAULT NULL, conditionCategorieArticle IN VARCHAR DEFAULT NULL)
AS
  catExiste NUMBER;
BEGIN
  SELECT COUNT(*) INTO catExiste FROM CATEGORIEARTICLE WHERE categorie = 'V_CAT_ART_' || nomCategorieArticle;
  IF catExiste != 0 THEN
    RETURN;
  END IF ;
  IF nomCategorieArticle IS NULL THEN
    FOR nvCatArticle IN (SELECT * FROM CATEGORIEARTICLE WHERE categorie = 'V_CAT_ART_') LOOP
      EXECUTE IMMEDIATE REPLACE(REPLACE(nvCatArticle.requete, 'TEMPLATE_NAME', nomCategorieArticle), 'TEMPLATE_COND', conditionCategorieArticle);
      RETURN;
    END LOOP;
    ELSE
    FOR nvCatArticle IN (SELECT * FROM CATEGORIEARTICLE where categorie = 'V_CAT_ART_') LOOP
      EXECUTE IMMEDIATE REPLACE(REPLACE(nvCatArticle.requete, 'TEMPLATE_NAME', nomCategorieArticle), 'TEMPLATE_COND', conditionCategorieArticle);
      INSERT INTO CategorieArticle VALUES ('V_CAT_ART_' || nomCategorieArticle , REPLACE(REPLACE(nvCatArticle.requete, 'TEMPLATE_NAME', nomCategorieArticle), 'TEMPLATE_COND', conditionCategorieArticle));
      RETURN;
    END LOOP;
  END IF;
END;
/

CREATE OR REPLACE PROCEDURE creationVueClient(categorieClient IN VARCHAR DEFAULT 'V_CAT_CLI_', categorieArticle IN VARCHAR DEFAULT 'V_CAT_ART_', seuil IN NUMBER)
AS
BEGIN
  EXECUTE IMMEDIATE 'CREATE OR REPLACE VIEW V_' || categorieClient || '_' || categorieArticle || ' AS SELECT client1, client2 FROM V_CAT_CLI_' 
  || categorieClient || ' GROUP BY client1, client2 HAVING getNbArtCmAv(client1, client2, ''V_CAT_ART_' 
  || categorieArticle || ''') >= (SELECT MAX(getNbArtCmAv(client1, client2, ''V_CAT_ART_' 
  || categorieArticle || ''')) as nbArticleCmn FROM V_CAT_CLI_' || categorieClient || ') * ' || seuil || ' / 100';
  
  EXECUTE IMMEDIATE 'DROP MATERIALIZED VIEW MV_' || categorieClient || '_' || categorieArticle;  
  EXECUTE IMMEDIATE 'CREATE MATERIALIZED VIEW MV_' || categorieClient || '_' || categorieArticle || ' AS (SELECT DISTINCT article, V_' || categorieClient || '_' || categorieArticle || '.client1 AS recommander, sysdate dateRecommander 
  FROM V_CAT_ART_' || categorieArticle || ', V_' || categorieClient || '_' || categorieArticle || ' where client = V_' || categorieClient || '_' || categorieArticle || '.client2 and article NOT IN (SELECT DISTINCT article from V_CAT_ART_' || categorieArticle || ' where client = V_' || categorieClient || '_' || categorieArticle || '.client1)
  UNION
  SELECT DISTINCT article, V_' || categorieClient || '_' || categorieArticle || '.client2 as recommander, sysdate dateRecommander 
  FROM V_CAT_ART_' || categorieArticle || ', V_' || categorieClient || '_' || categorieArticle || '  WHERE client = V_' || categorieClient || '_' || categorieArticle || '.client1 AND article NOT IN (SELECT DISTINCT article from V_CAT_ART_' || categorieArticle || ' where client = V_' || categorieClient || '_' || categorieArticle || '.client2))';
  DBMS_OUTPUT.PUT_LINE('Vue MV_' || categorieClient || '_' || categorieArticle || ' créé(e)');
END;
/

CREATE OR REPLACE PROCEDURE systemeRecommandationAvance (categorieClient IN VARCHAR DEFAULT 'V_CAT_CLI_', categorieArticle IN VARCHAR DEFAULT 'V_CAT_ART_', seuil IN NUMBER DEFAULT 50, conditionCategorieClient IN VARCHAR DEFAULT NULL, conditionCategorieArticle IN VARCHAR DEFAULT NULL)
AS
BEGIN
  creationCategorieClient(categorieClient, conditionCategorieClient);
  creationCategorieArticle(categorieArticle, conditionCategorieArticle);
  creationVueClient(categorieClient, categorieArticle, seuil);
END;
/

exec initSysRecomnAvance;
set serveroutput on
exec systemeRecommandationAvance(categorieClient=>'FRANCAIS', conditionCategorieClient=>'AND UPPER(''france'') in (c1.payscli, c2.payscli)');
exec systemeRecommandationAvance(categorieClient=>'DAME', conditionCategorieClient=>'AND INITCAP(''madame'') in (c1.civcli, c2.civcli)', categorieArticle=>'REMISE_NN', conditionCategorieArticle=>'WHERE remise != 0');


select * from MV_FRANCAIS_V_CAT_ART_;

select * from MV_DAME_REMISE_NN;

select * from CategorieClient;

select * from SYSTEM.MAGASINS;